role_type,role_label,role_event,role_event_label,role_event_type,name,person_uri,homepage,bio,depiction,mbox_sha1sum,cnt_mbox,organization,cnt_org
http://data.semanticweb.org/ns/swc/ontology#Chair,Conference Chair,http://data.semanticweb.org/conference/iswc/2004,The Third International Semantic Web Conference,http://data.semanticweb.org/ns/swc/ontology#ConferenceEvent,Frank van Harmelen,http://data.semanticweb.org/person/frank-van-harmelen,,,,,0,Vrije Universiteit Amsterdam,1
http://data.semanticweb.org/ns/swc/ontology#Chair,Demos Chair,http://data.semanticweb.org/conference/iswc/2004,The Third International Semantic Web Conference,http://data.semanticweb.org/ns/swc/ontology#ConferenceEvent,Stefan Decker,http://data.semanticweb.org/person/stefan-decker,,,,,0,"DERI, Galway",1
http://data.semanticweb.org/ns/swc/ontology#Chair,Exhibition Chair,http://data.semanticweb.org/conference/iswc/2004,The Third International Semantic Web Conference,http://data.semanticweb.org/ns/swc/ontology#ConferenceEvent,Hiroshi Tsuda,http://data.semanticweb.org/person/hiroshi-tsuda,,,,,0,"Information Technology Media Laboratories, Fujitsu Laboratories;Fujitsu",2
http://data.semanticweb.org/ns/swc/ontology#Chair,Industrial Track Chair,http://data.semanticweb.org/conference/iswc/2004,The Third International Semantic Web Conference,http://data.semanticweb.org/ns/swc/ontology#ConferenceEvent,Dean Allemang,http://data.semanticweb.org/person/dean-allemang,,,,,0,TopQuadrant Inc.,1
http://data.semanticweb.org/ns/swc/ontology#Chair,Industrial Track Chair,http://data.semanticweb.org/conference/iswc/2004,The Third International Semantic Web Conference,http://data.semanticweb.org/ns/swc/ontology#ConferenceEvent,Jun-ichi Akahani,http://data.semanticweb.org/person/jun-ichi-akahani,,,,,0,NTT,1
http://data.semanticweb.org/ns/swc/ontology#Chair,Local Chair,http://data.semanticweb.org/conference/iswc/2004,The Third International Semantic Web Conference,http://data.semanticweb.org/ns/swc/ontology#ConferenceEvent,Riichiro Mizoguchi,http://data.semanticweb.org/person/riichiro-mizoguchi,,,,,0,Osaka University,1
http://data.semanticweb.org/ns/swc/ontology#Chair,Meta-data Chair,http://data.semanticweb.org/conference/iswc/2004,The Third International Semantic Web Conference,http://data.semanticweb.org/ns/swc/ontology#ConferenceEvent,Steffen Staab,http://data.semanticweb.org/person/steffen-staab,,,,,0,"AIFB, University of KArlsruhe;Ontoprise GmbH;Karlsruhe Institute of Technology",3
http://data.semanticweb.org/ns/swc/ontology#Chair,Posters Chair,http://data.semanticweb.org/conference/iswc/2004,The Third International Semantic Web Conference,http://data.semanticweb.org/ns/swc/ontology#ConferenceEvent,Jeremy J. Carroll,http://data.semanticweb.org/person/jeremy-j-carroll,,,,,0,HP Labs,1
http://data.semanticweb.org/ns/swc/ontology#Chair,Program Chair,http://data.semanticweb.org/conference/iswc/2004,The Third International Semantic Web Conference,http://data.semanticweb.org/ns/swc/ontology#ConferenceEvent,Dimitris Plexousakis,http://data.semanticweb.org/person/dimitris-plexousakis,,,,,0,University of Crete,1
http://data.semanticweb.org/ns/swc/ontology#Chair,Program Chair,http://data.semanticweb.org/conference/iswc/2004,The Third International Semantic Web Conference,http://data.semanticweb.org/ns/swc/ontology#ConferenceEvent,Sheila McIlraith,http://data.semanticweb.org/person/sheila-mcilraith,,,,,0,University of Toronto,1
http://data.semanticweb.org/ns/swc/ontology#Chair,Publicity Chair,http://data.semanticweb.org/conference/iswc/2004,The Third International Semantic Web Conference,http://data.semanticweb.org/ns/swc/ontology#ConferenceEvent,Akiko Inaba,http://data.semanticweb.org/person/akiko-inaba,,,,,0,Osaka University,1
http://data.semanticweb.org/ns/swc/ontology#Chair,Semantic Web Challenge Chair,http://data.semanticweb.org/conference/iswc/2004,The Third International Semantic Web Conference,http://data.semanticweb.org/ns/swc/ontology#ConferenceEvent,Michel Klein,http://data.semanticweb.org/person/michel-klein,,,,,0,,0
http://data.semanticweb.org/ns/swc/ontology#Chair,Semantic Web Challenge Chair,http://data.semanticweb.org/conference/iswc/2004,The Third International Semantic Web Conference,http://data.semanticweb.org/ns/swc/ontology#ConferenceEvent,Ubbo Visser,http://data.semanticweb.org/person/ubbo-visser,,,,,0,University of Bremen,1
http://data.semanticweb.org/ns/swc/ontology#Chair,Sponsor Chair,http://data.semanticweb.org/conference/iswc/2004,The Third International Semantic Web Conference,http://data.semanticweb.org/ns/swc/ontology#ConferenceEvent,Akira Maeda,http://data.semanticweb.org/person/akira-maeda,,,,,0,Hitachi Ltd.;Hitachi,2
http://data.semanticweb.org/ns/swc/ontology#Chair,Sponsor Chair,http://data.semanticweb.org/conference/iswc/2004,The Third International Semantic Web Conference,http://data.semanticweb.org/ns/swc/ontology#ConferenceEvent,Massimo Paolucci,http://data.semanticweb.org/person/massimo-paolucci,,,,,0,Carnegie Mellon University,1
http://data.semanticweb.org/ns/swc/ontology#Chair,Sponsor Chair,http://data.semanticweb.org/conference/iswc/2004,The Third International Semantic Web Conference,http://data.semanticweb.org/ns/swc/ontology#ConferenceEvent,York Sure,http://data.semanticweb.org/person/york-sure,,,,,0,"AIFB, University of KArlsruhe",1
http://data.semanticweb.org/ns/swc/ontology#Chair,Tutorial Chair,http://data.semanticweb.org/conference/iswc/2004,The Third International Semantic Web Conference,http://data.semanticweb.org/ns/swc/ontology#ConferenceEvent,Takahira Yamaguchi,http://data.semanticweb.org/person/takahira-yamaguchi,,,,,0,Keio University,1
http://data.semanticweb.org/ns/swc/ontology#Chair,Tutorial Chair,http://data.semanticweb.org/conference/iswc/2004,The Third International Semantic Web Conference,http://data.semanticweb.org/ns/swc/ontology#ConferenceEvent,Vipul Kashyap,http://data.semanticweb.org/person/vipul-kashyap,,,,,0,"Partners HealthCare System, Inc.",1
http://data.semanticweb.org/ns/swc/ontology#Chair,Workshop Chair,http://data.semanticweb.org/conference/iswc/2004,The Third International Semantic Web Conference,http://data.semanticweb.org/ns/swc/ontology#ConferenceEvent,Natasha Noy,http://data.semanticweb.org/person/natasha-noy,,,,,0,Stanford University,1
http://data.semanticweb.org/ns/swc/ontology#LocalOrganizer,Local Organizing Committee Member,http://data.semanticweb.org/conference/iswc/2004,The Third International Semantic Web Conference,http://data.semanticweb.org/ns/swc/ontology#ConferenceEvent,Akifumi Kambara,http://data.semanticweb.org/person/akifumi-kambara,,,,,0,INTAP,1
http://data.semanticweb.org/ns/swc/ontology#LocalOrganizer,Local Organizing Committee Member,http://data.semanticweb.org/conference/iswc/2004,The Third International Semantic Web Conference,http://data.semanticweb.org/ns/swc/ontology#ConferenceEvent,Akira Maeda,http://data.semanticweb.org/person/akira-maeda,,,,,0,Hitachi Ltd.;Hitachi,2
http://data.semanticweb.org/ns/swc/ontology#LocalOrganizer,Local Organizing Committee Member,http://data.semanticweb.org/conference/iswc/2004,The Third International Semantic Web Conference,http://data.semanticweb.org/ns/swc/ontology#ConferenceEvent,Hideaki Takeda,http://data.semanticweb.org/person/hideaki-takeda,,,,,0,National Institute of Informatics,1
http://data.semanticweb.org/ns/swc/ontology#LocalOrganizer,Local Organizing Committee Member,http://data.semanticweb.org/conference/iswc/2004,The Third International Semantic Web Conference,http://data.semanticweb.org/ns/swc/ontology#ConferenceEvent,Hideo Shimazu,http://data.semanticweb.org/person/hideo-shimazu,,,,,0,NEC,1
http://data.semanticweb.org/ns/swc/ontology#LocalOrganizer,Local Organizing Committee Member,http://data.semanticweb.org/conference/iswc/2004,The Third International Semantic Web Conference,http://data.semanticweb.org/ns/swc/ontology#ConferenceEvent,Hiroshi Tsuda,http://data.semanticweb.org/person/hiroshi-tsuda,,,,,0,"Information Technology Media Laboratories, Fujitsu Laboratories;Fujitsu",2
http://data.semanticweb.org/ns/swc/ontology#LocalOrganizer,Local Organizing Committee Member,http://data.semanticweb.org/conference/iswc/2004,The Third International Semantic Web Conference,http://data.semanticweb.org/ns/swc/ontology#ConferenceEvent,Jun-ichi Akahani,http://data.semanticweb.org/person/jun-ichi-akahani,,,,,0,NTT,1
http://data.semanticweb.org/ns/swc/ontology#LocalOrganizer,Local Organizing Committee Member,http://data.semanticweb.org/conference/iswc/2004,The Third International Semantic Web Conference,http://data.semanticweb.org/ns/swc/ontology#ConferenceEvent,Jun-ichi Tsujii,http://data.semanticweb.org/person/jun-ichi-tsujii,,,,,0,University of Tokyo,1
http://data.semanticweb.org/ns/swc/ontology#LocalOrganizer,Local Organizing Committee Member,http://data.semanticweb.org/conference/iswc/2004,The Third International Semantic Web Conference,http://data.semanticweb.org/ns/swc/ontology#ConferenceEvent,Katashi Nagao,http://data.semanticweb.org/person/katashi-nagao,,,,,0,Nagoya University,1
http://data.semanticweb.org/ns/swc/ontology#LocalOrganizer,Local Organizing Committee Member,http://data.semanticweb.org/conference/iswc/2004,The Third International Semantic Web Conference,http://data.semanticweb.org/ns/swc/ontology#ConferenceEvent,Kazuo Asakawa,http://data.semanticweb.org/person/kazuo-asakawa,,,,,0,"Information Technology Media Laboratories, Fujitsu Laboratories",1
http://data.semanticweb.org/ns/swc/ontology#LocalOrganizer,Local Organizing Committee Member,http://data.semanticweb.org/conference/iswc/2004,The Third International Semantic Web Conference,http://data.semanticweb.org/ns/swc/ontology#ConferenceEvent,Kazuo Sumita,http://data.semanticweb.org/person/kazuo-sumita,,,,,0,"Corporate Research and Development Center, Toshiba",1
http://data.semanticweb.org/ns/swc/ontology#LocalOrganizer,Local Organizing Committee Member,http://data.semanticweb.org/conference/iswc/2004,The Third International Semantic Web Conference,http://data.semanticweb.org/ns/swc/ontology#ConferenceEvent,Ken Kuriyama,http://data.semanticweb.org/person/ken-kuriyama,,,,,0,Gakken,1
http://data.semanticweb.org/ns/swc/ontology#LocalOrganizer,Local Organizing Committee Member,http://data.semanticweb.org/conference/iswc/2004,The Third International Semantic Web Conference,http://data.semanticweb.org/ns/swc/ontology#ConferenceEvent,Kiyoshi Hara,http://data.semanticweb.org/person/kiyoshi-hara,,,,,0,"Nihon Unisys , Ltd.",1
http://data.semanticweb.org/ns/swc/ontology#LocalOrganizer,Local Organizing Committee Member,http://data.semanticweb.org/conference/iswc/2004,The Third International Semantic Web Conference,http://data.semanticweb.org/ns/swc/ontology#ConferenceEvent,Kiyoshi Kogure,http://data.semanticweb.org/person/kiyoshi-kogure,,,,,0,ATR Intelligent Robotics and Communication Laboratories,1
http://data.semanticweb.org/ns/swc/ontology#LocalOrganizer,Local Organizing Committee Member,http://data.semanticweb.org/conference/iswc/2004,The Third International Semantic Web Conference,http://data.semanticweb.org/ns/swc/ontology#ConferenceEvent,Koiti Hasida,http://data.semanticweb.org/person/koiti-hasida,,,,,0,National Institute of Advanced Industrial Science and Technology,1
http://data.semanticweb.org/ns/swc/ontology#LocalOrganizer,Local Organizing Committee Member,http://data.semanticweb.org/conference/iswc/2004,The Third International Semantic Web Conference,http://data.semanticweb.org/ns/swc/ontology#ConferenceEvent,Masahiro Hori,http://data.semanticweb.org/person/masahiro-hori,,,,,0,Kansai University,1
http://data.semanticweb.org/ns/swc/ontology#LocalOrganizer,Local Organizing Committee Member,http://data.semanticweb.org/conference/iswc/2004,The Third International Semantic Web Conference,http://data.semanticweb.org/ns/swc/ontology#ConferenceEvent,Mitsuru Ikeda,http://data.semanticweb.org/person/mitsuru-ikeda,,,,,0,Japan Advanced Institute of Science and Technology,1
http://data.semanticweb.org/ns/swc/ontology#LocalOrganizer,Local Organizing Committee Member,http://data.semanticweb.org/conference/iswc/2004,The Third International Semantic Web Conference,http://data.semanticweb.org/ns/swc/ontology#ConferenceEvent,Nigel Collier,http://data.semanticweb.org/person/nigel-collier,,,,,0,National Institute of Informatics (Japan);National Institute of Informatics,2
http://data.semanticweb.org/ns/swc/ontology#LocalOrganizer,Local Organizing Committee Member,http://data.semanticweb.org/conference/iswc/2004,The Third International Semantic Web Conference,http://data.semanticweb.org/ns/swc/ontology#ConferenceEvent,Ning Zhong,http://data.semanticweb.org/person/ning-zhong,,,,,0,Maebashi Institute of Technology,1
http://data.semanticweb.org/ns/swc/ontology#LocalOrganizer,Local Organizing Committee Member,http://data.semanticweb.org/conference/iswc/2004,The Third International Semantic Web Conference,http://data.semanticweb.org/ns/swc/ontology#ConferenceEvent,Nobuo Saitoh,http://data.semanticweb.org/person/nobuo-saitoh,,,,,0,Keio University,1
http://data.semanticweb.org/ns/swc/ontology#LocalOrganizer,Local Organizing Committee Member,http://data.semanticweb.org/conference/iswc/2004,The Third International Semantic Web Conference,http://data.semanticweb.org/ns/swc/ontology#ConferenceEvent,Noriaki Izumi,http://data.semanticweb.org/person/noriaki-izumi,,,,,0,National Institute of Advanced Industrial Science and Technology,1
http://data.semanticweb.org/ns/swc/ontology#LocalOrganizer,Local Organizing Committee Member,http://data.semanticweb.org/conference/iswc/2004,The Third International Semantic Web Conference,http://data.semanticweb.org/ns/swc/ontology#ConferenceEvent,Riichiro Mizoguchi,http://data.semanticweb.org/person/riichiro-mizoguchi,,,,,0,Osaka University,1
http://data.semanticweb.org/ns/swc/ontology#LocalOrganizer,Local Organizing Committee Member,http://data.semanticweb.org/conference/iswc/2004,The Third International Semantic Web Conference,http://data.semanticweb.org/ns/swc/ontology#ConferenceEvent,Shinichiro Tanaka,http://data.semanticweb.org/person/shinichiro-tanaka,,,,,0,Toyota,1
http://data.semanticweb.org/ns/swc/ontology#LocalOrganizer,Local Organizing Committee Member,http://data.semanticweb.org/conference/iswc/2004,The Third International Semantic Web Conference,http://data.semanticweb.org/ns/swc/ontology#ConferenceEvent,Takahira Yamaguchi,http://data.semanticweb.org/person/takahira-yamaguchi,,,,,0,Keio University,1
http://data.semanticweb.org/ns/swc/ontology#LocalOrganizer,Local Organizing Committee Member,http://data.semanticweb.org/conference/iswc/2004,The Third International Semantic Web Conference,http://data.semanticweb.org/ns/swc/ontology#ConferenceEvent,Toru Ishida,http://data.semanticweb.org/person/toru-ishida,,,,,0,Kyoto University,1
http://data.semanticweb.org/ns/swc/ontology#LocalOrganizer,Local Organizing Committee Member,http://data.semanticweb.org/conference/iswc/2004,The Third International Semantic Web Conference,http://data.semanticweb.org/ns/swc/ontology#ConferenceEvent,Toshio Yokoi,http://data.semanticweb.org/person/toshio-yokoi,,,,,0,Tokyo Institute of Technology,1
http://data.semanticweb.org/ns/swc/ontology#LocalOrganizer,Local Organizing Committee Member,http://data.semanticweb.org/conference/iswc/2004,The Third International Semantic Web Conference,http://data.semanticweb.org/ns/swc/ontology#ConferenceEvent,Tsukasa Hirashima,http://data.semanticweb.org/person/tsukasa-hirashima,,,,,0,Hiroshima University,1
http://data.semanticweb.org/ns/swc/ontology#LocalOrganizer,Local Organizing Committee Member,http://data.semanticweb.org/conference/iswc/2004,The Third International Semantic Web Conference,http://data.semanticweb.org/ns/swc/ontology#ConferenceEvent,Yasuhiko Kitamura,http://data.semanticweb.org/person/yasuhiko-kitamura,,,,,0,Kwansei Gakuin University,1
http://data.semanticweb.org/ns/swc/ontology#LocalOrganizer,Local Organizing Committee Member,http://data.semanticweb.org/conference/iswc/2004,The Third International Semantic Web Conference,http://data.semanticweb.org/ns/swc/ontology#ConferenceEvent,Yoshinobu Kitamura,http://data.semanticweb.org/person/yoshinobu-kitamura,,,,,0,Osaka University,1
http://data.semanticweb.org/ns/swc/ontology#LocalOrganizer,Local Organizing Committee Member,http://data.semanticweb.org/conference/iswc/2004,The Third International Semantic Web Conference,http://data.semanticweb.org/ns/swc/ontology#ConferenceEvent,Yukio Osawa,http://data.semanticweb.org/person/yukio-osawa,,,,,0,University of Tsukuba,1
http://data.semanticweb.org/ns/swc/ontology#ProgrammeCommitteeMember,PC member,http://data.semanticweb.org/conference/iswc/2004,The Third International Semantic Web Conference,http://data.semanticweb.org/ns/swc/ontology#ConferenceEvent,Abraham Bernstein,http://data.semanticweb.org/person/abraham-bernstein,,,,,0,University of Zurich,1
http://data.semanticweb.org/ns/swc/ontology#ProgrammeCommitteeMember,PC member,http://data.semanticweb.org/conference/iswc/2004,The Third International Semantic Web Conference,http://data.semanticweb.org/ns/swc/ontology#ConferenceEvent,Alan Rector,http://data.semanticweb.org/person/alan-rector,,,,,0,University of Manchester,1
http://data.semanticweb.org/ns/swc/ontology#ProgrammeCommitteeMember,PC member,http://data.semanticweb.org/conference/iswc/2004,The Third International Semantic Web Conference,http://data.semanticweb.org/ns/swc/ontology#ConferenceEvent,Aldo Gangemi,http://data.semanticweb.org/person/aldo-gangemi,,,,,0,CNR,1
http://data.semanticweb.org/ns/swc/ontology#ProgrammeCommitteeMember,PC member,http://data.semanticweb.org/conference/iswc/2004,The Third International Semantic Web Conference,http://data.semanticweb.org/ns/swc/ontology#ConferenceEvent,An Hai Doan,http://data.semanticweb.org/person/an-hai-doan,,,,,0,UIUC,1
http://data.semanticweb.org/ns/swc/ontology#ProgrammeCommitteeMember,PC member,http://data.semanticweb.org/conference/iswc/2004,The Third International Semantic Web Conference,http://data.semanticweb.org/ns/swc/ontology#ConferenceEvent,Andreas Eberhart,http://data.semanticweb.org/person/andreas-eberhart,,,,,0,Karlsruhe Institute of Technology,1
http://data.semanticweb.org/ns/swc/ontology#ProgrammeCommitteeMember,PC member,http://data.semanticweb.org/conference/iswc/2004,The Third International Semantic Web Conference,http://data.semanticweb.org/ns/swc/ontology#ConferenceEvent,Andrzej Skowron,http://data.semanticweb.org/person/andrzej-skowron,,,,,0,University of Warsaw,1
http://data.semanticweb.org/ns/swc/ontology#ProgrammeCommitteeMember,PC member,http://data.semanticweb.org/conference/iswc/2004,The Third International Semantic Web Conference,http://data.semanticweb.org/ns/swc/ontology#ConferenceEvent,Andrzej Uszok,http://data.semanticweb.org/person/andrzej-uszok,,,,,0,IHMC,1
http://data.semanticweb.org/ns/swc/ontology#ProgrammeCommitteeMember,PC member,http://data.semanticweb.org/conference/iswc/2004,The Third International Semantic Web Conference,http://data.semanticweb.org/ns/swc/ontology#ConferenceEvent,Anupam Joshi,http://data.semanticweb.org/person/anupam-joshi,,,,,0,"University of Maryland, Baltimore County",1
http://data.semanticweb.org/ns/swc/ontology#ProgrammeCommitteeMember,PC member,http://data.semanticweb.org/conference/iswc/2004,The Third International Semantic Web Conference,http://data.semanticweb.org/ns/swc/ontology#ConferenceEvent,Asun Gomez-Perez,http://data.semanticweb.org/person/asun-gomez-perez,,,,,0,Technical University of Madrid,1
http://data.semanticweb.org/ns/swc/ontology#ProgrammeCommitteeMember,PC member,http://data.semanticweb.org/conference/iswc/2004,The Third International Semantic Web Conference,http://data.semanticweb.org/ns/swc/ontology#ConferenceEvent,Atanas Kiryakov,http://data.semanticweb.org/person/atanas-kiryakov,,,,,0,"Sirma AI, Ltd.",1
http://data.semanticweb.org/ns/swc/ontology#ProgrammeCommitteeMember,PC member,http://data.semanticweb.org/conference/iswc/2004,The Third International Semantic Web Conference,http://data.semanticweb.org/ns/swc/ontology#ConferenceEvent,Bernd Amann,http://data.semanticweb.org/person/bernd-amann,,,,,0,CNAM,1
http://data.semanticweb.org/ns/swc/ontology#ProgrammeCommitteeMember,PC member,http://data.semanticweb.org/conference/iswc/2004,The Third International Semantic Web Conference,http://data.semanticweb.org/ns/swc/ontology#ConferenceEvent,Bijan Parsia,http://data.semanticweb.org/person/bijan-parsia,,,,,0,"University of Maryland, College Park",1
http://data.semanticweb.org/ns/swc/ontology#ProgrammeCommitteeMember,PC member,http://data.semanticweb.org/conference/iswc/2004,The Third International Semantic Web Conference,http://data.semanticweb.org/ns/swc/ontology#ConferenceEvent,Boi Faltings,http://data.semanticweb.org/person/boi-faltings,,,,,0,EPFL,1
http://data.semanticweb.org/ns/swc/ontology#ProgrammeCommitteeMember,PC member,http://data.semanticweb.org/conference/iswc/2004,The Third International Semantic Web Conference,http://data.semanticweb.org/ns/swc/ontology#ConferenceEvent,Brian McBride,http://data.semanticweb.org/person/brian-mcbride,,,,,0,Hewlett-Packard,1
http://data.semanticweb.org/ns/swc/ontology#ProgrammeCommitteeMember,PC member,http://data.semanticweb.org/conference/iswc/2004,The Third International Semantic Web Conference,http://data.semanticweb.org/ns/swc/ontology#ConferenceEvent,Chantal Reynaud,http://data.semanticweb.org/person/chantal-reynaud,,,,,0,University of Orsay,1
http://data.semanticweb.org/ns/swc/ontology#ProgrammeCommitteeMember,PC member,http://data.semanticweb.org/conference/iswc/2004,The Third International Semantic Web Conference,http://data.semanticweb.org/ns/swc/ontology#ConferenceEvent,Chen Li,http://data.semanticweb.org/person/chen-li,,,,,0,"University of California, Irvine",1
http://data.semanticweb.org/ns/swc/ontology#ProgrammeCommitteeMember,PC member,http://data.semanticweb.org/conference/iswc/2004,The Third International Semantic Web Conference,http://data.semanticweb.org/ns/swc/ontology#ConferenceEvent,Christopher Welty,http://data.semanticweb.org/person/christopher-welty,,,,,0,IBM Thomas J. Watson Research Center,1
http://data.semanticweb.org/ns/swc/ontology#ProgrammeCommitteeMember,PC member,http://data.semanticweb.org/conference/iswc/2004,The Third International Semantic Web Conference,http://data.semanticweb.org/ns/swc/ontology#ConferenceEvent,Dan Vodislav,http://data.semanticweb.org/person/dan-vodislav,,,,,0,CNAM,1
http://data.semanticweb.org/ns/swc/ontology#ProgrammeCommitteeMember,PC member,http://data.semanticweb.org/conference/iswc/2004,The Third International Semantic Web Conference,http://data.semanticweb.org/ns/swc/ontology#ConferenceEvent,Dana Florescu,http://data.semanticweb.org/person/dana-florescu,,,,,0,BEA Systems,1
http://data.semanticweb.org/ns/swc/ontology#ProgrammeCommitteeMember,PC member,http://data.semanticweb.org/conference/iswc/2004,The Third International Semantic Web Conference,http://data.semanticweb.org/ns/swc/ontology#ConferenceEvent,David Kinny,http://data.semanticweb.org/person/david-kinny,,,,,0,Agentis Software,1
http://data.semanticweb.org/ns/swc/ontology#ProgrammeCommitteeMember,PC member,http://data.semanticweb.org/conference/iswc/2004,The Third International Semantic Web Conference,http://data.semanticweb.org/ns/swc/ontology#ConferenceEvent,David Martin,http://data.semanticweb.org/person/david-martin,,,,,0,SRI International,1
http://data.semanticweb.org/ns/swc/ontology#ProgrammeCommitteeMember,PC member,http://data.semanticweb.org/conference/iswc/2004,The Third International Semantic Web Conference,http://data.semanticweb.org/ns/swc/ontology#ConferenceEvent,Diana Maynard,http://data.semanticweb.org/person/diana-maynard,,,,,0,University of Sheffield,1
http://data.semanticweb.org/ns/swc/ontology#ProgrammeCommitteeMember,PC member,http://data.semanticweb.org/conference/iswc/2004,The Third International Semantic Web Conference,http://data.semanticweb.org/ns/swc/ontology#ConferenceEvent,Diego Calvanese,http://data.semanticweb.org/person/diego-calvanese,,,,,0,Free University of Bozen-Bolzano,1
http://data.semanticweb.org/ns/swc/ontology#ProgrammeCommitteeMember,PC member,http://data.semanticweb.org/conference/iswc/2004,The Third International Semantic Web Conference,http://data.semanticweb.org/ns/swc/ontology#ConferenceEvent,Djamel Zighed,http://data.semanticweb.org/person/djamel-zighed,,,,,0,University of Lyon,1
http://data.semanticweb.org/ns/swc/ontology#ProgrammeCommitteeMember,PC member,http://data.semanticweb.org/conference/iswc/2004,The Third International Semantic Web Conference,http://data.semanticweb.org/ns/swc/ontology#ConferenceEvent,Drew McDermott,http://data.semanticweb.org/person/drew-mcdermott,,,,,0,Yale University,1
http://data.semanticweb.org/ns/swc/ontology#ProgrammeCommitteeMember,PC member,http://data.semanticweb.org/conference/iswc/2004,The Third International Semantic Web Conference,http://data.semanticweb.org/ns/swc/ontology#ConferenceEvent,Fausto Giounchiglia,http://data.semanticweb.org/person/fausto-giounchiglia,,,,,0,University of Trento,1
http://data.semanticweb.org/ns/swc/ontology#ProgrammeCommitteeMember,PC member,http://data.semanticweb.org/conference/iswc/2004,The Third International Semantic Web Conference,http://data.semanticweb.org/ns/swc/ontology#ConferenceEvent,Fereidoon Sadri,http://data.semanticweb.org/person/fereidoon-sadri,,,,,0,University of North Carolina,1
http://data.semanticweb.org/ns/swc/ontology#ProgrammeCommitteeMember,PC member,http://data.semanticweb.org/conference/iswc/2004,The Third International Semantic Web Conference,http://data.semanticweb.org/ns/swc/ontology#ConferenceEvent,Francois Bry,http://data.semanticweb.org/person/francois-bry,,,,,0,University of Munich,1
http://data.semanticweb.org/ns/swc/ontology#ProgrammeCommitteeMember,PC member,http://data.semanticweb.org/conference/iswc/2004,The Third International Semantic Web Conference,http://data.semanticweb.org/ns/swc/ontology#ConferenceEvent,Frank McCabe,http://data.semanticweb.org/person/frank-mccabe,,,,,0,Fujitsu,1
http://data.semanticweb.org/ns/swc/ontology#ProgrammeCommitteeMember,PC member,http://data.semanticweb.org/conference/iswc/2004,The Third International Semantic Web Conference,http://data.semanticweb.org/ns/swc/ontology#ConferenceEvent,Georg Lausen,http://data.semanticweb.org/person/georg-lausen,,,,,0,University of Freiburg,1
http://data.semanticweb.org/ns/swc/ontology#ProgrammeCommitteeMember,PC member,http://data.semanticweb.org/conference/iswc/2004,The Third International Semantic Web Conference,http://data.semanticweb.org/ns/swc/ontology#ConferenceEvent,Gerd Stumme,http://data.semanticweb.org/person/gerd-stumme,,,,,0,University of Kassel,1
http://data.semanticweb.org/ns/swc/ontology#ProgrammeCommitteeMember,PC member,http://data.semanticweb.org/conference/iswc/2004,The Third International Semantic Web Conference,http://data.semanticweb.org/ns/swc/ontology#ConferenceEvent,Gregory Cobena,http://data.semanticweb.org/person/gregory-cobena,,,,,0,Xyleme,1
http://data.semanticweb.org/ns/swc/ontology#ProgrammeCommitteeMember,PC member,http://data.semanticweb.org/conference/iswc/2004,The Third International Semantic Web Conference,http://data.semanticweb.org/ns/swc/ontology#ConferenceEvent,Grigoris Antoniou,http://data.semanticweb.org/person/grigoris-antoniou,,,,,0,FORTH-ICS,1
http://data.semanticweb.org/ns/swc/ontology#ProgrammeCommitteeMember,PC member,http://data.semanticweb.org/conference/iswc/2004,The Third International Semantic Web Conference,http://data.semanticweb.org/ns/swc/ontology#ConferenceEvent,Grit Denker,http://data.semanticweb.org/person/grit-denker,,,,,0,SRI International,1
http://data.semanticweb.org/ns/swc/ontology#ProgrammeCommitteeMember,PC member,http://data.semanticweb.org/conference/iswc/2004,The Third International Semantic Web Conference,http://data.semanticweb.org/ns/swc/ontology#ConferenceEvent,Guizhen Yang,http://data.semanticweb.org/person/guizhen-yang,,,,,0,SUNY - Buffalo,1
http://data.semanticweb.org/ns/swc/ontology#ProgrammeCommitteeMember,PC member,http://data.semanticweb.org/conference/iswc/2004,The Third International Semantic Web Conference,http://data.semanticweb.org/ns/swc/ontology#ConferenceEvent,Hasan Davulcu,http://data.semanticweb.org/person/hasan-davulcu,,,,,0,Arizona State University,1
http://data.semanticweb.org/ns/swc/ontology#ProgrammeCommitteeMember,PC member,http://data.semanticweb.org/conference/iswc/2004,The Third International Semantic Web Conference,http://data.semanticweb.org/ns/swc/ontology#ConferenceEvent,Heiner Stuckenschmidt,http://data.semanticweb.org/person/heiner-stuckenschmidt,,,,,0,Vrije Universiteit Amsterdam,1
http://data.semanticweb.org/ns/swc/ontology#ProgrammeCommitteeMember,PC member,http://data.semanticweb.org/conference/iswc/2004,The Third International Semantic Web Conference,http://data.semanticweb.org/ns/swc/ontology#ConferenceEvent,Henryk Rybinski,http://data.semanticweb.org/person/henryk-rybinski,,,,,0,Warsaw University of Technology,1
http://data.semanticweb.org/ns/swc/ontology#ProgrammeCommitteeMember,PC member,http://data.semanticweb.org/conference/iswc/2004,The Third International Semantic Web Conference,http://data.semanticweb.org/ns/swc/ontology#ConferenceEvent,Herman ter Horst,http://data.semanticweb.org/person/herman-ter-horst,,,,,0,Philips Research,1
http://data.semanticweb.org/ns/swc/ontology#ProgrammeCommitteeMember,PC member,http://data.semanticweb.org/conference/iswc/2004,The Third International Semantic Web Conference,http://data.semanticweb.org/ns/swc/ontology#ConferenceEvent,Ian Dickinson,http://data.semanticweb.org/person/ian-dickinson,,,,,0,Hewlett-Packard,1
http://data.semanticweb.org/ns/swc/ontology#ProgrammeCommitteeMember,PC member,http://data.semanticweb.org/conference/iswc/2004,The Third International Semantic Web Conference,http://data.semanticweb.org/ns/swc/ontology#ConferenceEvent,Isabel Cruz,http://data.semanticweb.org/person/isabel-cruz,,,,,0,University of Illinois at Chicago,1
http://data.semanticweb.org/ns/swc/ontology#ProgrammeCommitteeMember,PC member,http://data.semanticweb.org/conference/iswc/2004,The Third International Semantic Web Conference,http://data.semanticweb.org/ns/swc/ontology#ConferenceEvent,Jane Hunter,http://data.semanticweb.org/person/jane-hunter,,,,,0,University of Queensland,1
http://data.semanticweb.org/ns/swc/ontology#ProgrammeCommitteeMember,PC member,http://data.semanticweb.org/conference/iswc/2004,The Third International Semantic Web Conference,http://data.semanticweb.org/ns/swc/ontology#ConferenceEvent,Jean Francois Baget,http://data.semanticweb.org/person/jean-francois-baget,,,,,0,INRIA RhoÌ‚ne-Alpes,1
http://data.semanticweb.org/ns/swc/ontology#ProgrammeCommitteeMember,PC member,http://data.semanticweb.org/conference/iswc/2004,The Third International Semantic Web Conference,http://data.semanticweb.org/ns/swc/ontology#ConferenceEvent,Jeff Heflin,http://data.semanticweb.org/person/jeff-heflin,,,,,0,Lehigh University,1
http://data.semanticweb.org/ns/swc/ontology#ProgrammeCommitteeMember,PC member,http://data.semanticweb.org/conference/iswc/2004,The Third International Semantic Web Conference,http://data.semanticweb.org/ns/swc/ontology#ConferenceEvent,Jeffrey M. Bradshaw,http://data.semanticweb.org/person/jeffrey-m-bradshaw,,,,,0,IHMC,1
http://data.semanticweb.org/ns/swc/ontology#ProgrammeCommitteeMember,PC member,http://data.semanticweb.org/conference/iswc/2004,The Third International Semantic Web Conference,http://data.semanticweb.org/ns/swc/ontology#ConferenceEvent,John Domingue,http://data.semanticweb.org/person/john-domingue,,,,,0,The Open University,1
http://data.semanticweb.org/ns/swc/ontology#ProgrammeCommitteeMember,PC member,http://data.semanticweb.org/conference/iswc/2004,The Third International Semantic Web Conference,http://data.semanticweb.org/ns/swc/ontology#ConferenceEvent,Jose Luis Ambite,http://data.semanticweb.org/person/jose-luis-ambite,,,,,0,ISI/USC,1
http://data.semanticweb.org/ns/swc/ontology#ProgrammeCommitteeMember,PC member,http://data.semanticweb.org/conference/iswc/2004,The Third International Semantic Web Conference,http://data.semanticweb.org/ns/swc/ontology#ConferenceEvent,Kalina Bontcheva,http://data.semanticweb.org/person/kalina-bontcheva,,,,,0,University of Sheffield,1
http://data.semanticweb.org/ns/swc/ontology#ProgrammeCommitteeMember,PC member,http://data.semanticweb.org/conference/iswc/2004,The Third International Semantic Web Conference,http://data.semanticweb.org/ns/swc/ontology#ConferenceEvent,Karl Aberer,http://data.semanticweb.org/person/karl-aberer,,,,,0,EPFL,1
http://data.semanticweb.org/ns/swc/ontology#ProgrammeCommitteeMember,PC member,http://data.semanticweb.org/conference/iswc/2004,The Third International Semantic Web Conference,http://data.semanticweb.org/ns/swc/ontology#ConferenceEvent,Kevin Wilkinson,http://data.semanticweb.org/person/kevin-wilkinson,,,,,0,HP Labs,1
http://data.semanticweb.org/ns/swc/ontology#ProgrammeCommitteeMember,PC member,http://data.semanticweb.org/conference/iswc/2004,The Third International Semantic Web Conference,http://data.semanticweb.org/ns/swc/ontology#ConferenceEvent,Lucas McDowell,http://data.semanticweb.org/person/lucas-mcdowell,,,,,0,University of Washington,1
http://data.semanticweb.org/ns/swc/ontology#ProgrammeCommitteeMember,PC member,http://data.semanticweb.org/conference/iswc/2004,The Third International Semantic Web Conference,http://data.semanticweb.org/ns/swc/ontology#ConferenceEvent,Lynn Andrea Stein,http://data.semanticweb.org/person/lynn-andrea-stein,,,,,0,Franklin W. Olin College of Engineering,1
http://data.semanticweb.org/ns/swc/ontology#ProgrammeCommitteeMember,PC member,http://data.semanticweb.org/conference/iswc/2004,The Third International Semantic Web Conference,http://data.semanticweb.org/ns/swc/ontology#ConferenceEvent,Manolis Koubarakis,http://data.semanticweb.org/person/manolis-koubarakis,,,,,0,Technical University of Crete,1
http://data.semanticweb.org/ns/swc/ontology#ProgrammeCommitteeMember,PC member,http://data.semanticweb.org/conference/iswc/2004,The Third International Semantic Web Conference,http://data.semanticweb.org/ns/swc/ontology#ConferenceEvent,Marie-Christine Rousset,http://data.semanticweb.org/person/marie-christine-rousset,,,,,0,University of Orsay,1
http://data.semanticweb.org/ns/swc/ontology#ProgrammeCommitteeMember,PC member,http://data.semanticweb.org/conference/iswc/2004,The Third International Semantic Web Conference,http://data.semanticweb.org/ns/swc/ontology#ConferenceEvent,Mark Burstein,http://data.semanticweb.org/person/mark-burstein,,,,,0,BBN,1
http://data.semanticweb.org/ns/swc/ontology#ProgrammeCommitteeMember,PC member,http://data.semanticweb.org/conference/iswc/2004,The Third International Semantic Web Conference,http://data.semanticweb.org/ns/swc/ontology#ConferenceEvent,Mark Musen,http://data.semanticweb.org/person/mark-musen,,,,,0,Stanford University,1
http://data.semanticweb.org/ns/swc/ontology#ProgrammeCommitteeMember,PC member,http://data.semanticweb.org/conference/iswc/2004,The Third International Semantic Web Conference,http://data.semanticweb.org/ns/swc/ontology#ConferenceEvent,Mark Roantree,http://data.semanticweb.org/person/mark-roantree,,,,,0,Dublin City University,1
http://data.semanticweb.org/ns/swc/ontology#ProgrammeCommitteeMember,PC member,http://data.semanticweb.org/conference/iswc/2004,The Third International Semantic Web Conference,http://data.semanticweb.org/ns/swc/ontology#ConferenceEvent,Marko Grobelnik,http://data.semanticweb.org/person/marko-grobelnik,,,,,0,IJS,1
http://data.semanticweb.org/ns/swc/ontology#ProgrammeCommitteeMember,PC member,http://data.semanticweb.org/conference/iswc/2004,The Third International Semantic Web Conference,http://data.semanticweb.org/ns/swc/ontology#ConferenceEvent,Masahiro Hori,http://data.semanticweb.org/person/masahiro-hori,,,,,0,Kansai University,1
http://data.semanticweb.org/ns/swc/ontology#ProgrammeCommitteeMember,PC member,http://data.semanticweb.org/conference/iswc/2004,The Third International Semantic Web Conference,http://data.semanticweb.org/ns/swc/ontology#ConferenceEvent,Masaki Matsudaira,http://data.semanticweb.org/person/masaki-matsudaira,,,,,0,Open Knowledge Initiative,1
http://data.semanticweb.org/ns/swc/ontology#ProgrammeCommitteeMember,PC member,http://data.semanticweb.org/conference/iswc/2004,The Third International Semantic Web Conference,http://data.semanticweb.org/ns/swc/ontology#ConferenceEvent,Massimo Paolucci,http://data.semanticweb.org/person/massimo-paolucci,,,,,0,Carnegie Mellon University,1
http://data.semanticweb.org/ns/swc/ontology#ProgrammeCommitteeMember,PC member,http://data.semanticweb.org/conference/iswc/2004,The Third International Semantic Web Conference,http://data.semanticweb.org/ns/swc/ontology#ConferenceEvent,Matthias Klusch,http://data.semanticweb.org/person/matthias-klusch,,,,,0,DFKI,1
http://data.semanticweb.org/ns/swc/ontology#ProgrammeCommitteeMember,PC member,http://data.semanticweb.org/conference/iswc/2004,The Third International Semantic Web Conference,http://data.semanticweb.org/ns/swc/ontology#ConferenceEvent,Michael Gruninger,http://data.semanticweb.org/person/michael-gruninger,,,,,0,NIST,1
http://data.semanticweb.org/ns/swc/ontology#ProgrammeCommitteeMember,PC member,http://data.semanticweb.org/conference/iswc/2004,The Third International Semantic Web Conference,http://data.semanticweb.org/ns/swc/ontology#ConferenceEvent,Michael Huhns,http://data.semanticweb.org/person/michael-huhns,,,,,0,University of South Carolina,1
http://data.semanticweb.org/ns/swc/ontology#ProgrammeCommitteeMember,PC member,http://data.semanticweb.org/conference/iswc/2004,The Third International Semantic Web Conference,http://data.semanticweb.org/ns/swc/ontology#ConferenceEvent,Michael Sintek,http://data.semanticweb.org/person/michael-sintek,,,,,0,DFKI,1
http://data.semanticweb.org/ns/swc/ontology#ProgrammeCommitteeMember,PC member,http://data.semanticweb.org/conference/iswc/2004,The Third International Semantic Web Conference,http://data.semanticweb.org/ns/swc/ontology#ConferenceEvent,Michael Wooldridge,http://data.semanticweb.org/person/michael-wooldridge,,,,,0,University of Liverpool,1
http://data.semanticweb.org/ns/swc/ontology#ProgrammeCommitteeMember,PC member,http://data.semanticweb.org/conference/iswc/2004,The Third International Semantic Web Conference,http://data.semanticweb.org/ns/swc/ontology#ConferenceEvent,Mihhail Matskin,http://data.semanticweb.org/person/mihhail-matskin,,,,,0,KTH,1
http://data.semanticweb.org/ns/swc/ontology#ProgrammeCommitteeMember,PC member,http://data.semanticweb.org/conference/iswc/2004,The Third International Semantic Web Conference,http://data.semanticweb.org/ns/swc/ontology#ConferenceEvent,Mike Dean,http://data.semanticweb.org/person/mike-dean,,,,,0,BBN,1
http://data.semanticweb.org/ns/swc/ontology#ProgrammeCommitteeMember,PC member,http://data.semanticweb.org/conference/iswc/2004,The Third International Semantic Web Conference,http://data.semanticweb.org/ns/swc/ontology#ConferenceEvent,Mohand Said Hacid,http://data.semanticweb.org/person/mohand-said-hacid,,,,,0,"University Lyon 1, LIRIS-CNRS",1
http://data.semanticweb.org/ns/swc/ontology#ProgrammeCommitteeMember,PC member,http://data.semanticweb.org/conference/iswc/2004,The Third International Semantic Web Conference,http://data.semanticweb.org/ns/swc/ontology#ConferenceEvent,Nicola Guarino,http://data.semanticweb.org/person/nicola-guarino,,,,,0,CNR,1
http://data.semanticweb.org/ns/swc/ontology#ProgrammeCommitteeMember,PC member,http://data.semanticweb.org/conference/iswc/2004,The Third International Semantic Web Conference,http://data.semanticweb.org/ns/swc/ontology#ConferenceEvent,Nigel Collier,http://data.semanticweb.org/person/nigel-collier,,,,,0,National Institute of Informatics (Japan);National Institute of Informatics,2
http://data.semanticweb.org/ns/swc/ontology#ProgrammeCommitteeMember,PC member,http://data.semanticweb.org/conference/iswc/2004,The Third International Semantic Web Conference,http://data.semanticweb.org/ns/swc/ontology#ConferenceEvent,Nigel Shadbolt,http://data.semanticweb.org/person/nigel-shadbolt,,,,,0,University of Southampton,1
http://data.semanticweb.org/ns/swc/ontology#ProgrammeCommitteeMember,PC member,http://data.semanticweb.org/conference/iswc/2004,The Third International Semantic Web Conference,http://data.semanticweb.org/ns/swc/ontology#ConferenceEvent,Ning Zhong,http://data.semanticweb.org/person/ning-zhong,,,,,0,Maebashi Institute of Technology,1
http://data.semanticweb.org/ns/swc/ontology#ProgrammeCommitteeMember,PC member,http://data.semanticweb.org/conference/iswc/2004,The Third International Semantic Web Conference,http://data.semanticweb.org/ns/swc/ontology#ConferenceEvent,Norman Sadeh,http://data.semanticweb.org/person/norman-sadeh,,,,,0,Carnegie Mellon University,1
http://data.semanticweb.org/ns/swc/ontology#ProgrammeCommitteeMember,PC member,http://data.semanticweb.org/conference/iswc/2004,The Third International Semantic Web Conference,http://data.semanticweb.org/ns/swc/ontology#ConferenceEvent,Ora Lassila,http://data.semanticweb.org/person/ora-lassila,,,,,0,Nokia Research,1
http://data.semanticweb.org/ns/swc/ontology#ProgrammeCommitteeMember,PC member,http://data.semanticweb.org/conference/iswc/2004,The Third International Semantic Web Conference,http://data.semanticweb.org/ns/swc/ontology#ConferenceEvent,Oscar Corcho,http://data.semanticweb.org/person/oscar-corcho,,,,,0,iSOCO,1
http://data.semanticweb.org/ns/swc/ontology#ProgrammeCommitteeMember,PC member,http://data.semanticweb.org/conference/iswc/2004,The Third International Semantic Web Conference,http://data.semanticweb.org/ns/swc/ontology#ConferenceEvent,Paolo Bouquet,http://data.semanticweb.org/person/paolo-bouquet,,,,,0,University of Trento,1
http://data.semanticweb.org/ns/swc/ontology#ProgrammeCommitteeMember,PC member,http://data.semanticweb.org/conference/iswc/2004,The Third International Semantic Web Conference,http://data.semanticweb.org/ns/swc/ontology#ConferenceEvent,Paulo Pinheiro da Silva,http://data.semanticweb.org/person/paulo-pinheiro-da-silva,,,,,0,Stanford University,1
http://data.semanticweb.org/ns/swc/ontology#ProgrammeCommitteeMember,PC member,http://data.semanticweb.org/conference/iswc/2004,The Third International Semantic Web Conference,http://data.semanticweb.org/ns/swc/ontology#ConferenceEvent,Pavlos Moraitis,http://data.semanticweb.org/person/pavlos-moraitis,,,,,0,University of Cyprus,1
http://data.semanticweb.org/ns/swc/ontology#ProgrammeCommitteeMember,PC member,http://data.semanticweb.org/conference/iswc/2004,The Third International Semantic Web Conference,http://data.semanticweb.org/ns/swc/ontology#ConferenceEvent,Peter Patel-Schneider,http://data.semanticweb.org/person/peter-patel-schneider,,,,,0,Bell Labs,1
http://data.semanticweb.org/ns/swc/ontology#ProgrammeCommitteeMember,PC member,http://data.semanticweb.org/conference/iswc/2004,The Third International Semantic Web Conference,http://data.semanticweb.org/ns/swc/ontology#ConferenceEvent,Pierre-Antoine Champin,http://data.semanticweb.org/person/pierre-antoine-champin,,,,,0,University of Lyon,1
http://data.semanticweb.org/ns/swc/ontology#ProgrammeCommitteeMember,PC member,http://data.semanticweb.org/conference/iswc/2004,The Third International Semantic Web Conference,http://data.semanticweb.org/ns/swc/ontology#ConferenceEvent,R Guha,http://data.semanticweb.org/person/r-guha,,,,,0,IBM,1
http://data.semanticweb.org/ns/swc/ontology#ProgrammeCommitteeMember,PC member,http://data.semanticweb.org/conference/iswc/2004,The Third International Semantic Web Conference,http://data.semanticweb.org/ns/swc/ontology#ConferenceEvent,Richard Fikes,http://data.semanticweb.org/person/richard-fikes,,,,,0,Stanford University,1
http://data.semanticweb.org/ns/swc/ontology#ProgrammeCommitteeMember,PC member,http://data.semanticweb.org/conference/iswc/2004,The Third International Semantic Web Conference,http://data.semanticweb.org/ns/swc/ontology#ConferenceEvent,Rick Hull,http://data.semanticweb.org/person/rick-hull,,,,,0,Bell Labs,1
http://data.semanticweb.org/ns/swc/ontology#ProgrammeCommitteeMember,PC member,http://data.semanticweb.org/conference/iswc/2004,The Third International Semantic Web Conference,http://data.semanticweb.org/ns/swc/ontology#ConferenceEvent,Robert MacGregor,http://data.semanticweb.org/person/robert-macgregor,,,,,0,ISI/USC,1
http://data.semanticweb.org/ns/swc/ontology#ProgrammeCommitteeMember,PC member,http://data.semanticweb.org/conference/iswc/2004,The Third International Semantic Web Conference,http://data.semanticweb.org/ns/swc/ontology#ConferenceEvent,Roger (Buzz) King,http://data.semanticweb.org/person/roger-buzz-king,,,,,0,University of Colorado,1
http://data.semanticweb.org/ns/swc/ontology#ProgrammeCommitteeMember,PC member,http://data.semanticweb.org/conference/iswc/2004,The Third International Semantic Web Conference,http://data.semanticweb.org/ns/swc/ontology#ConferenceEvent,Said Tabet,http://data.semanticweb.org/person/said-tabet,,,,,0,Nisus Inc.,1
http://data.semanticweb.org/ns/swc/ontology#ProgrammeCommitteeMember,PC member,http://data.semanticweb.org/conference/iswc/2004,The Third International Semantic Web Conference,http://data.semanticweb.org/ns/swc/ontology#ConferenceEvent,Sean Bechhofer,http://data.semanticweb.org/person/sean-bechhofer,,,,,0,University of Manchester,1
http://data.semanticweb.org/ns/swc/ontology#ProgrammeCommitteeMember,PC member,http://data.semanticweb.org/conference/iswc/2004,The Third International Semantic Web Conference,http://data.semanticweb.org/ns/swc/ontology#ConferenceEvent,Sergey Melnik,http://data.semanticweb.org/person/sergey-melnik,,,,,0,Microsoft Research,1
http://data.semanticweb.org/ns/swc/ontology#ProgrammeCommitteeMember,PC member,http://data.semanticweb.org/conference/iswc/2004,The Third International Semantic Web Conference,http://data.semanticweb.org/ns/swc/ontology#ConferenceEvent,Stefan Decker,http://data.semanticweb.org/person/stefan-decker,,,,,0,"DERI, Galway",1
http://data.semanticweb.org/ns/swc/ontology#ProgrammeCommitteeMember,PC member,http://data.semanticweb.org/conference/iswc/2004,The Third International Semantic Web Conference,http://data.semanticweb.org/ns/swc/ontology#ConferenceEvent,Steffen Staab,http://data.semanticweb.org/person/steffen-staab,,,,,0,"AIFB, University of KArlsruhe;Ontoprise GmbH;Karlsruhe Institute of Technology",3
http://data.semanticweb.org/ns/swc/ontology#ProgrammeCommitteeMember,PC member,http://data.semanticweb.org/conference/iswc/2004,The Third International Semantic Web Conference,http://data.semanticweb.org/ns/swc/ontology#ConferenceEvent,Steve Willmott,http://data.semanticweb.org/person/steve-willmott,,,,,0,Polytechnic University of Catalonia,1
http://data.semanticweb.org/ns/swc/ontology#ProgrammeCommitteeMember,PC member,http://data.semanticweb.org/conference/iswc/2004,The Third International Semantic Web Conference,http://data.semanticweb.org/ns/swc/ontology#ConferenceEvent,Subbarao Kambhampati,http://data.semanticweb.org/person/subbarao-kambhampati,,,,,0,Arizona State University,1
http://data.semanticweb.org/ns/swc/ontology#ProgrammeCommitteeMember,PC member,http://data.semanticweb.org/conference/iswc/2004,The Third International Semantic Web Conference,http://data.semanticweb.org/ns/swc/ontology#ConferenceEvent,Terry Payne,http://data.semanticweb.org/person/terry-payne,,,,,0,University of Southampton,1
http://data.semanticweb.org/ns/swc/ontology#ProgrammeCommitteeMember,PC member,http://data.semanticweb.org/conference/iswc/2004,The Third International Semantic Web Conference,http://data.semanticweb.org/ns/swc/ontology#ConferenceEvent,Thibaud Latour,http://data.semanticweb.org/person/thibaud-latour,,,,,0,Public Research Centre Henri Tudor,1
http://data.semanticweb.org/ns/swc/ontology#ProgrammeCommitteeMember,PC member,http://data.semanticweb.org/conference/iswc/2004,The Third International Semantic Web Conference,http://data.semanticweb.org/ns/swc/ontology#ConferenceEvent,Thierry Declerck,http://data.semanticweb.org/person/thierry-declerck,,,,,0,DFKI,1
http://data.semanticweb.org/ns/swc/ontology#ProgrammeCommitteeMember,PC member,http://data.semanticweb.org/conference/iswc/2004,The Third International Semantic Web Conference,http://data.semanticweb.org/ns/swc/ontology#ConferenceEvent,Tim Oates,http://data.semanticweb.org/person/tim-oates,,,,,0,"University of Maryland, Baltimore County",1
http://data.semanticweb.org/ns/swc/ontology#ProgrammeCommitteeMember,PC member,http://data.semanticweb.org/conference/iswc/2004,The Third International Semantic Web Conference,http://data.semanticweb.org/ns/swc/ontology#ConferenceEvent,Ulrike Sattler,http://data.semanticweb.org/person/ulrike-sattler,,,,,0,University of Manchester,1
http://data.semanticweb.org/ns/swc/ontology#ProgrammeCommitteeMember,PC member,http://data.semanticweb.org/conference/iswc/2004,The Third International Semantic Web Conference,http://data.semanticweb.org/ns/swc/ontology#ConferenceEvent,Val Tannen,http://data.semanticweb.org/person/val-tannen,,,,,0,University of Pennsylvania,1
http://data.semanticweb.org/ns/swc/ontology#ProgrammeCommitteeMember,PC member,http://data.semanticweb.org/conference/iswc/2004,The Third International Semantic Web Conference,http://data.semanticweb.org/ns/swc/ontology#ConferenceEvent,Vinay Chaudhri,http://data.semanticweb.org/person/vinay-chaudhri,,,,,0,SRI International,1
http://data.semanticweb.org/ns/swc/ontology#ProgrammeCommitteeMember,PC member,http://data.semanticweb.org/conference/iswc/2004,The Third International Semantic Web Conference,http://data.semanticweb.org/ns/swc/ontology#ConferenceEvent,Wendy Hall,http://data.semanticweb.org/person/wendy-hall,,,,,0,University of Southampton,1
http://data.semanticweb.org/ns/swc/ontology#ProgrammeCommitteeMember,PC member,http://data.semanticweb.org/conference/iswc/2004,The Third International Semantic Web Conference,http://data.semanticweb.org/ns/swc/ontology#ConferenceEvent,Wolf Siberski,http://data.semanticweb.org/person/wolf-siberski,,,,,0,L3S Research Center,1
http://data.semanticweb.org/ns/swc/ontology#ProgrammeCommitteeMember,PC member,http://data.semanticweb.org/conference/iswc/2004,The Third International Semantic Web Conference,http://data.semanticweb.org/ns/swc/ontology#ConferenceEvent,Yannis Labrou,http://data.semanticweb.org/person/yannis-labrou,,,,,0,Fujitsu,1
http://data.semanticweb.org/ns/swc/ontology#ProgrammeCommitteeMember,PC member,http://data.semanticweb.org/conference/iswc/2004,The Third International Semantic Web Conference,http://data.semanticweb.org/ns/swc/ontology#ConferenceEvent,Yannis Tzitzikas,http://data.semanticweb.org/person/yannis-tzitzikas,,,,,0,UniversitÃ© de Namur,1
http://data.semanticweb.org/ns/swc/ontology#ProgrammeCommitteeMember,PC member,http://data.semanticweb.org/conference/iswc/2004,The Third International Semantic Web Conference,http://data.semanticweb.org/ns/swc/ontology#ConferenceEvent,Yasuhiko Kitamura,http://data.semanticweb.org/person/yasuhiko-kitamura,,,,,0,Kwansei Gakuin University,1
http://data.semanticweb.org/ns/swc/ontology#ProgrammeCommitteeMember,PC member,http://data.semanticweb.org/conference/iswc/2004,The Third International Semantic Web Conference,http://data.semanticweb.org/ns/swc/ontology#ConferenceEvent,Ying Ding,http://data.semanticweb.org/person/ying-ding,,,,,0,University of Innsbruck,1
http://data.semanticweb.org/ns/swc/ontology#ProgrammeCommitteeMember,PC member,http://data.semanticweb.org/conference/iswc/2004,The Third International Semantic Web Conference,http://data.semanticweb.org/ns/swc/ontology#ConferenceEvent,Yiyu Yao,http://data.semanticweb.org/person/yiyu-yao,,,,,0,University of Regina,1
http://data.semanticweb.org/ns/swc/ontology#ProgrammeCommitteeMember,PC member,http://data.semanticweb.org/conference/iswc/2004,The Third International Semantic Web Conference,http://data.semanticweb.org/ns/swc/ontology#ConferenceEvent,Yolanda Gil,http://data.semanticweb.org/person/yolanda-gil,,,,,0,ISI/USC,1
http://data.semanticweb.org/ns/swc/ontology#ProgrammeCommitteeMember,PC member,http://data.semanticweb.org/conference/iswc/2004,The Third International Semantic Web Conference,http://data.semanticweb.org/ns/swc/ontology#ConferenceEvent,Zack Ives,http://data.semanticweb.org/person/zack-ives,,,,,0,University of Pennsylvania,1
http://data.semanticweb.org/ns/swc/ontology#ProgrammeCommitteeMember,PC member,http://data.semanticweb.org/conference/iswc/2004,The Third International Semantic Web Conference,http://data.semanticweb.org/ns/swc/ontology#ConferenceEvent,Zohra Bellahsene,http://data.semanticweb.org/person/zohra-bellahsene,,,,,0,Montpellier 2 University,1
http://data.semanticweb.org/ns/swc/ontology#ProgrammeCommitteeMember,Senior PC member,http://data.semanticweb.org/conference/iswc/2004,The Third International Semantic Web Conference,http://data.semanticweb.org/ns/swc/ontology#ConferenceEvent,Alon Halevy,http://data.semanticweb.org/person/alon-halevy,,,,,0,University of Washington,1
http://data.semanticweb.org/ns/swc/ontology#ProgrammeCommitteeMember,Senior PC member,http://data.semanticweb.org/conference/iswc/2004,The Third International Semantic Web Conference,http://data.semanticweb.org/ns/swc/ontology#ConferenceEvent,Benjamin Grosof,http://data.semanticweb.org/person/benjamin-grosof,,,,,0,MIT,1
http://data.semanticweb.org/ns/swc/ontology#ProgrammeCommitteeMember,Senior PC member,http://data.semanticweb.org/conference/iswc/2004,The Third International Semantic Web Conference,http://data.semanticweb.org/ns/swc/ontology#ConferenceEvent,Boris Katz,http://data.semanticweb.org/person/boris-katz,,,,,0,MIT,1
http://data.semanticweb.org/ns/swc/ontology#ProgrammeCommitteeMember,Senior PC member,http://data.semanticweb.org/conference/iswc/2004,The Third International Semantic Web Conference,http://data.semanticweb.org/ns/swc/ontology#ConferenceEvent,Carole Goble,http://data.semanticweb.org/person/carole-goble,,,,,0,University of Manchester,1
http://data.semanticweb.org/ns/swc/ontology#ProgrammeCommitteeMember,Senior PC member,http://data.semanticweb.org/conference/iswc/2004,The Third International Semantic Web Conference,http://data.semanticweb.org/ns/swc/ontology#ConferenceEvent,Craig Knoblock,http://data.semanticweb.org/person/craig-knoblock,,,,,0,University of Southern California,1
http://data.semanticweb.org/ns/swc/ontology#ProgrammeCommitteeMember,Senior PC member,http://data.semanticweb.org/conference/iswc/2004,The Third International Semantic Web Conference,http://data.semanticweb.org/ns/swc/ontology#ConferenceEvent,Deborah McGuinness,http://data.semanticweb.org/person/deborah-mcguinness,,,,,0,Stanford University,1
http://data.semanticweb.org/ns/swc/ontology#ProgrammeCommitteeMember,Senior PC member,http://data.semanticweb.org/conference/iswc/2004,The Third International Semantic Web Conference,http://data.semanticweb.org/ns/swc/ontology#ConferenceEvent,Guus Schreiber,http://data.semanticweb.org/person/guus-schreiber,,,,,0,Vrije Universiteit Amsterdam,1
http://data.semanticweb.org/ns/swc/ontology#ProgrammeCommitteeMember,Senior PC member,http://data.semanticweb.org/conference/iswc/2004,The Third International Semantic Web Conference,http://data.semanticweb.org/ns/swc/ontology#ConferenceEvent,Hamish Cunningham,http://data.semanticweb.org/person/hamish-cunningham,,,,,0,University of Sheffield,1
http://data.semanticweb.org/ns/swc/ontology#ProgrammeCommitteeMember,Senior PC member,http://data.semanticweb.org/conference/iswc/2004,The Third International Semantic Web Conference,http://data.semanticweb.org/ns/swc/ontology#ConferenceEvent,Hideaki Takeda,http://data.semanticweb.org/person/hideaki-takeda,,,,,0,National Institute of Informatics,1
http://data.semanticweb.org/ns/swc/ontology#ProgrammeCommitteeMember,Senior PC member,http://data.semanticweb.org/conference/iswc/2004,The Third International Semantic Web Conference,http://data.semanticweb.org/ns/swc/ontology#ConferenceEvent,Ian Horrocks,http://data.semanticweb.org/person/ian-horrocks,,,,,0,University of Manchester,1
http://data.semanticweb.org/ns/swc/ontology#ProgrammeCommitteeMember,Senior PC member,http://data.semanticweb.org/conference/iswc/2004,The Third International Semantic Web Conference,http://data.semanticweb.org/ns/swc/ontology#ConferenceEvent,Jerome Euzenat,http://data.semanticweb.org/person/jerome-euzenat,,,,,0,INRIA RhoÌ‚ne-Alpes,1
http://data.semanticweb.org/ns/swc/ontology#ProgrammeCommitteeMember,Senior PC member,http://data.semanticweb.org/conference/iswc/2004,The Third International Semantic Web Conference,http://data.semanticweb.org/ns/swc/ontology#ConferenceEvent,John Mylopoulos,http://data.semanticweb.org/person/john-mylopoulos,,,,,0,University of Toronto,1
http://data.semanticweb.org/ns/swc/ontology#ProgrammeCommitteeMember,Senior PC member,http://data.semanticweb.org/conference/iswc/2004,The Third International Semantic Web Conference,http://data.semanticweb.org/ns/swc/ontology#ConferenceEvent,Katia Sycara,http://data.semanticweb.org/person/katia-sycara,,,,,0,Carnegie Mellon University,1
http://data.semanticweb.org/ns/swc/ontology#ProgrammeCommitteeMember,Senior PC member,http://data.semanticweb.org/conference/iswc/2004,The Third International Semantic Web Conference,http://data.semanticweb.org/ns/swc/ontology#ConferenceEvent,Michel Scholl,http://data.semanticweb.org/person/michel-scholl,,,,,0,CNAM,1
http://data.semanticweb.org/ns/swc/ontology#ProgrammeCommitteeMember,Senior PC member,http://data.semanticweb.org/conference/iswc/2004,The Third International Semantic Web Conference,http://data.semanticweb.org/ns/swc/ontology#ConferenceEvent,Nick Kushmerick,http://data.semanticweb.org/person/nick-kushmerick,,,,,0,University of Dublin,1
http://data.semanticweb.org/ns/swc/ontology#ProgrammeCommitteeMember,Senior PC member,http://data.semanticweb.org/conference/iswc/2004,The Third International Semantic Web Conference,http://data.semanticweb.org/ns/swc/ontology#ConferenceEvent,Oren Etzioni,http://data.semanticweb.org/person/oren-etzioni,,,,,0,University of Washington,1
http://data.semanticweb.org/ns/swc/ontology#ProgrammeCommitteeMember,Senior PC member,http://data.semanticweb.org/conference/iswc/2004,The Third International Semantic Web Conference,http://data.semanticweb.org/ns/swc/ontology#ConferenceEvent,Rudi Studer,http://data.semanticweb.org/person/rudi-studer,,,,,0,Karlsruhe Institute of Technology,1
http://data.semanticweb.org/ns/swc/ontology#ProgrammeCommitteeMember,Senior PC member,http://data.semanticweb.org/conference/iswc/2004,The Third International Semantic Web Conference,http://data.semanticweb.org/ns/swc/ontology#ConferenceEvent,Tim Finin,http://data.semanticweb.org/person/tim-finin,,,,,0,"University of Maryland, Baltimore County",1
http://data.semanticweb.org/ns/swc/ontology#ProgrammeCommitteeMember,Senior PC member,http://data.semanticweb.org/conference/iswc/2004,The Third International Semantic Web Conference,http://data.semanticweb.org/ns/swc/ontology#ConferenceEvent,Toru Ishida,http://data.semanticweb.org/person/toru-ishida,,,,,0,Kyoto University,1
http://data.semanticweb.org/ns/swc/ontology#ProgrammeCommitteeMember,Senior PC member,http://data.semanticweb.org/conference/iswc/2004,The Third International Semantic Web Conference,http://data.semanticweb.org/ns/swc/ontology#ConferenceEvent,Wolfgang Nejdl,http://data.semanticweb.org/person/wolfgang-nejdl,,,,,0,University of Hanover,1
http://data.semanticweb.org/ns/swc/ontology#ProgrammeCommitteeMember,Senior PC member,http://data.semanticweb.org/conference/iswc/2004,The Third International Semantic Web Conference,http://data.semanticweb.org/ns/swc/ontology#ConferenceEvent,Zbigniew Ras,http://data.semanticweb.org/person/zbigniew-ras,,,,,0,University of North Carolina,1
http://data.semanticweb.org/ns/swc/ontology#Chair,Chair,http://data.semanticweb.org/conference/iswc/2004/event-05,W1: Semantic Web technology for mobile and ubiquitous applications,http://data.semanticweb.org/ns/swc/ontology#WorkshopEvent,Chiara Ghidini,http://data.semanticweb.org/person/chiara-ghidini,,,,,0,,0
http://data.semanticweb.org/ns/swc/ontology#Chair,Chair,http://data.semanticweb.org/conference/iswc/2004/event-05,W1: Semantic Web technology for mobile and ubiquitous applications,http://data.semanticweb.org/ns/swc/ontology#WorkshopEvent,Kaoru Hiramatsu,http://data.semanticweb.org/person/kaoru-hiramatsu,,,,,0,,0
http://data.semanticweb.org/ns/swc/ontology#Chair,Chair,http://data.semanticweb.org/conference/iswc/2004/event-05,W1: Semantic Web technology for mobile and ubiquitous applications,http://data.semanticweb.org/ns/swc/ontology#WorkshopEvent,Monique Calisti,http://data.semanticweb.org/person/monique-calisti,,,,,0,,0
http://data.semanticweb.org/ns/swc/ontology#Chair,Chair,http://data.semanticweb.org/conference/iswc/2004/event-05,W1: Semantic Web technology for mobile and ubiquitous applications,http://data.semanticweb.org/ns/swc/ontology#WorkshopEvent,Terry Payne,http://data.semanticweb.org/person/terry-payne,,,,,0,University of Southampton,1
http://data.semanticweb.org/ns/swc/ontology#Chair,Chair,http://data.semanticweb.org/conference/iswc/2004/event-05,W1: Semantic Web technology for mobile and ubiquitous applications,http://data.semanticweb.org/ns/swc/ontology#WorkshopEvent,Valentina Tamma,http://data.semanticweb.org/person/valentina-tamma,,,,,0,,0
http://data.semanticweb.org/ns/swc/ontology#Chair,Chair,http://data.semanticweb.org/conference/iswc/2004/event-06,"W2: Trust, Security, and Reputation on the Semantic Web",http://data.semanticweb.org/ns/swc/ontology#WorkshopEvent,Jennifer Golbeck,http://data.semanticweb.org/person/jennifer-golbeck,,,,,0,,0
http://data.semanticweb.org/ns/swc/ontology#Chair,Chair,http://data.semanticweb.org/conference/iswc/2004/event-06,"W2: Trust, Security, and Reputation on the Semantic Web",http://data.semanticweb.org/ns/swc/ontology#WorkshopEvent,Marianne Winslett,http://data.semanticweb.org/person/marianne-winslett,,,,,0,,0
http://data.semanticweb.org/ns/swc/ontology#Chair,Chair,http://data.semanticweb.org/conference/iswc/2004/event-06,"W2: Trust, Security, and Reputation on the Semantic Web",http://data.semanticweb.org/ns/swc/ontology#WorkshopEvent,Piero Bonatti,http://data.semanticweb.org/person/piero-bonatti,,,,,0,,0
http://data.semanticweb.org/ns/swc/ontology#Chair,Chair,http://data.semanticweb.org/conference/iswc/2004/event-06,"W2: Trust, Security, and Reputation on the Semantic Web",http://data.semanticweb.org/ns/swc/ontology#WorkshopEvent,Wolfgang Nejdl,http://data.semanticweb.org/person/wolfgang-nejdl,,,,,0,University of Hanover,1
http://data.semanticweb.org/ns/swc/ontology#Chair,Chair,http://data.semanticweb.org/conference/iswc/2004/event-11,W3: SW-EL'04: Applications of Semantic Web Technologies for E-Learning,http://data.semanticweb.org/ns/swc/ontology#WorkshopEvent,Darina Dicheva,http://data.semanticweb.org/person/darina-dicheva,,,,,0,,0
http://data.semanticweb.org/ns/swc/ontology#Chair,Chair,http://data.semanticweb.org/conference/iswc/2004/event-11,W3: SW-EL'04: Applications of Semantic Web Technologies for E-Learning,http://data.semanticweb.org/ns/swc/ontology#WorkshopEvent,Lora Aroyo,http://data.semanticweb.org/person/lora-aroyo,,,,,0,,0
http://data.semanticweb.org/ns/swc/ontology#Chair,Chair,http://data.semanticweb.org/conference/iswc/2004/event-11,W3: SW-EL'04: Applications of Semantic Web Technologies for E-Learning,http://data.semanticweb.org/ns/swc/ontology#WorkshopEvent,Riichiro Mizoguchi,http://data.semanticweb.org/person/riichiro-mizoguchi,,,,,0,Osaka University,1
http://data.semanticweb.org/ns/swc/ontology#Chair,Chair,http://data.semanticweb.org/conference/iswc/2004/event-11,W3: SW-EL'04: Applications of Semantic Web Technologies for E-Learning,http://data.semanticweb.org/ns/swc/ontology#WorkshopEvent,Yukihiro Itoh,http://data.semanticweb.org/person/yukihiro-itoh,,,,,0,,0
http://data.semanticweb.org/ns/swc/ontology#Chair,Chair,http://data.semanticweb.org/conference/iswc/2004/event-12,W4: Evaluation of Ontology-based Tools (EON2004),http://data.semanticweb.org/ns/swc/ontology#WorkshopEvent,JÃ©rÃ´me Euzenat,http://data.semanticweb.org/person/jrme-euzenat,,,,,0,,0
http://data.semanticweb.org/ns/swc/ontology#Chair,Chair,http://data.semanticweb.org/conference/iswc/2004/event-12,W4: Evaluation of Ontology-based Tools (EON2004),http://data.semanticweb.org/ns/swc/ontology#WorkshopEvent,Oscar Corcho,http://data.semanticweb.org/person/oscar-corcho,,,,,0,iSOCO,1
http://data.semanticweb.org/ns/swc/ontology#Chair,Chair,http://data.semanticweb.org/conference/iswc/2004/event-12,W4: Evaluation of Ontology-based Tools (EON2004),http://data.semanticweb.org/ns/swc/ontology#WorkshopEvent,Todd Hughes,http://data.semanticweb.org/person/todd-hughes,,,,,0,,0
http://data.semanticweb.org/ns/swc/ontology#Chair,Chair,http://data.semanticweb.org/conference/iswc/2004/event-12,W4: Evaluation of Ontology-based Tools (EON2004),http://data.semanticweb.org/ns/swc/ontology#WorkshopEvent,York Sure,http://data.semanticweb.org/person/york-sure,,,,,0,"AIFB, University of KArlsruhe",1
http://data.semanticweb.org/ns/swc/ontology#Chair,Chair,http://data.semanticweb.org/conference/iswc/2004/event-13,W5: Rules and Rule Markup Languages for the Semantic Web,http://data.semanticweb.org/ns/swc/ontology#WorkshopEvent,Grigoris Antoniou,http://data.semanticweb.org/person/grigoris-antoniou,,,,,0,FORTH-ICS,1
http://data.semanticweb.org/ns/swc/ontology#Chair,Chair,http://data.semanticweb.org/conference/iswc/2004/event-13,W5: Rules and Rule Markup Languages for the Semantic Web,http://data.semanticweb.org/ns/swc/ontology#WorkshopEvent,Harold Boley,http://data.semanticweb.org/person/harold-boley,,,,,0,,0
http://data.semanticweb.org/ns/swc/ontology#Chair,Chair,http://data.semanticweb.org/conference/iswc/2004/event-14,W6: Semantic Web Services: Preparing to Meet the World of Business Applications,http://data.semanticweb.org/ns/swc/ontology#WorkshopEvent,David Martin,http://data.semanticweb.org/person/david-martin,,,,,0,SRI International,1
http://data.semanticweb.org/ns/swc/ontology#Chair,Chair,http://data.semanticweb.org/conference/iswc/2004/event-14,W6: Semantic Web Services: Preparing to Meet the World of Business Applications,http://data.semanticweb.org/ns/swc/ontology#WorkshopEvent,RubÃ©n Lara HernÃ¡ndez,http://data.semanticweb.org/person/rubn-lara-hernndez,,,,,0,,0
http://data.semanticweb.org/ns/swc/ontology#Chair,Chair,http://data.semanticweb.org/conference/iswc/2004/event-14,W6: Semantic Web Services: Preparing to Meet the World of Business Applications,http://data.semanticweb.org/ns/swc/ontology#WorkshopEvent,Takahira Yamaguchi,http://data.semanticweb.org/person/takahira-yamaguchi,,,,,0,Keio University,1
http://data.semanticweb.org/ns/swc/ontology#Chair,Chair,http://data.semanticweb.org/conference/iswc/2004/event-15,W7: Meaning coordination and negotiation,http://data.semanticweb.org/ns/swc/ontology#WorkshopEvent,Luciano Serafini,http://data.semanticweb.org/person/luciano-serafini,,,,,0,,0
http://data.semanticweb.org/ns/swc/ontology#Chair,Chair,http://data.semanticweb.org/conference/iswc/2004/event-15,W7: Meaning coordination and negotiation,http://data.semanticweb.org/ns/swc/ontology#WorkshopEvent,Paolo Bouquet,http://data.semanticweb.org/person/paolo-bouquet,,,,,0,University of Trento,1
http://data.semanticweb.org/ns/swc/ontology#Chair,Chair,http://data.semanticweb.org/conference/iswc/2004/event-16,W8: Knowledge Markup and Semantic Annotation (Semannot2004),http://data.semanticweb.org/ns/swc/ontology#WorkshopEvent,Siegfried Handschuh,http://data.semanticweb.org/person/siegfried-handschuh,,,,,0,,0
http://data.semanticweb.org/ns/swc/ontology#Chair,Chair,http://data.semanticweb.org/conference/iswc/2004/event-16,W8: Knowledge Markup and Semantic Annotation (Semannot2004),http://data.semanticweb.org/ns/swc/ontology#WorkshopEvent,Thierry Declerck,http://data.semanticweb.org/person/thierry-declerck,,,,,0,DFKI,1
http://data.semanticweb.org/ns/swc/ontology#Chair,Chair,http://data.semanticweb.org/conference/iswc/2004/talk/invited-1,The Semantic Web Story -- It's already 2004. Where are we?,http://data.semanticweb.org/ns/swc/ontology#InvitedTalkEvent,F. Van Harmelen,http://data.semanticweb.org/person/f-van-harmelen,,,,,0,,0
http://data.semanticweb.org/ns/swc/ontology#Presenter,Speaker,http://data.semanticweb.org/conference/iswc/2004/talk/invited-1,The Semantic Web Story -- It's already 2004. Where are we?,http://data.semanticweb.org/ns/swc/ontology#InvitedTalkEvent,Edward Feigenbaum,http://data.semanticweb.org/person/edward-feigenbaum,,,,,0,,0
http://data.semanticweb.org/ns/swc/ontology#Chair,Chair,http://data.semanticweb.org/conference/iswc/2004/talk/invited-2,How to Build Google2Google - An (Incomplete) Recipe,http://data.semanticweb.org/ns/swc/ontology#InvitedTalkEvent,S. McIlraith,http://data.semanticweb.org/person/s-mcilraith,,,,,0,,0
http://data.semanticweb.org/ns/swc/ontology#Presenter,Speaker,http://data.semanticweb.org/conference/iswc/2004/talk/invited-2,How to Build Google2Google - An (Incomplete) Recipe,http://data.semanticweb.org/ns/swc/ontology#InvitedTalkEvent,Wolfgang Nejdl,http://data.semanticweb.org/person/wolfgang-nejdl,,,,,0,University of Hanover,1
http://data.semanticweb.org/ns/swc/ontology#Chair,Chair,http://data.semanticweb.org/conference/iswc/2004/talk/invited-3,Small Can Be Beautiful in the Semantic Web.,http://data.semanticweb.org/ns/swc/ontology#InvitedTalkEvent,D. Plexousakis,http://data.semanticweb.org/person/d-plexousakis,,,,,0,,0
http://data.semanticweb.org/ns/swc/ontology#Presenter,Speaker,http://data.semanticweb.org/conference/iswc/2004/talk/invited-3,Small Can Be Beautiful in the Semantic Web.,http://data.semanticweb.org/ns/swc/ontology#InvitedTalkEvent,Marie-Christine Rousset,http://data.semanticweb.org/person/marie-christine-rousset,,,,,0,University of Orsay,1
http://data.semanticweb.org/ns/swc/ontology#Chair,Organizer,http://data.semanticweb.org/conference/iswc/2004/tutorial-1,"T1: XQuery: the query language, its applications and its implementations",http://data.semanticweb.org/ns/swc/ontology#TutorialEvent,Daniela Florescu,http://data.semanticweb.org/person/daniela-florescu,,,,,0,,0
http://data.semanticweb.org/ns/swc/ontology#Chair,Organizer,http://data.semanticweb.org/conference/iswc/2004/tutorial-1,"T1: XQuery: the query language, its applications and its implementations",http://data.semanticweb.org/ns/swc/ontology#TutorialEvent,Donald Kossman,http://data.semanticweb.org/person/donald-kossman,,,,,0,,0
http://data.semanticweb.org/ns/swc/ontology#Chair,Organizer,http://data.semanticweb.org/conference/iswc/2004/tutorial-2,T2: Ontology Design Patterns and Problems: Practical Ontology Engineering using Protege-OWL,http://data.semanticweb.org/ns/swc/ontology#TutorialEvent,Alan Rector,http://data.semanticweb.org/person/alan-rector,,,,,0,University of Manchester,1
http://data.semanticweb.org/ns/swc/ontology#Chair,Organizer,http://data.semanticweb.org/conference/iswc/2004/tutorial-2,T2: Ontology Design Patterns and Problems: Practical Ontology Engineering using Protege-OWL,http://data.semanticweb.org/ns/swc/ontology#TutorialEvent,Guus Schreiber,http://data.semanticweb.org/person/guus-schreiber,,,,,0,Vrije Universiteit Amsterdam,1
http://data.semanticweb.org/ns/swc/ontology#Chair,Organizer,http://data.semanticweb.org/conference/iswc/2004/tutorial-2,T2: Ontology Design Patterns and Problems: Practical Ontology Engineering using Protege-OWL,http://data.semanticweb.org/ns/swc/ontology#TutorialEvent,Holger Knublauch,http://data.semanticweb.org/person/holger-knublauch,,,,,0,,0
http://data.semanticweb.org/ns/swc/ontology#Chair,Organizer,http://data.semanticweb.org/conference/iswc/2004/tutorial-2,T2: Ontology Design Patterns and Problems: Practical Ontology Engineering using Protege-OWL,http://data.semanticweb.org/ns/swc/ontology#TutorialEvent,Mark A. Musen,http://data.semanticweb.org/person/mark-a-musen,,,,,0,,0
http://data.semanticweb.org/ns/swc/ontology#Chair,Organizer,http://data.semanticweb.org/conference/iswc/2004/tutorial-2,T2: Ontology Design Patterns and Problems: Practical Ontology Engineering using Protege-OWL,http://data.semanticweb.org/ns/swc/ontology#TutorialEvent,Natalya F. Noy,http://data.semanticweb.org/person/natalya-f-noy,,,,,0,,0
http://data.semanticweb.org/ns/swc/ontology#Chair,Organizer,http://data.semanticweb.org/conference/iswc/2004/tutorial-3,T3: Tools and Technologies for Semantic Web Services,http://data.semanticweb.org/ns/swc/ontology#TutorialEvent,Christoph Bussler,http://data.semanticweb.org/person/christoph-bussler,,,,,0,,0
http://data.semanticweb.org/ns/swc/ontology#Chair,Organizer,http://data.semanticweb.org/conference/iswc/2004/tutorial-3,T3: Tools and Technologies for Semantic Web Services,http://data.semanticweb.org/ns/swc/ontology#TutorialEvent,John Domingue,http://data.semanticweb.org/person/john-domingue,,,,,0,The Open University,1
http://data.semanticweb.org/ns/swc/ontology#Chair,Organizer,http://data.semanticweb.org/conference/iswc/2004/tutorial-3,T3: Tools and Technologies for Semantic Web Services,http://data.semanticweb.org/ns/swc/ontology#TutorialEvent,Katia Sycara,http://data.semanticweb.org/person/katia-sycara,,,,,0,Carnegie Mellon University,1
http://data.semanticweb.org/ns/swc/ontology#Chair,Organizer,http://data.semanticweb.org/conference/iswc/2004/tutorial-3,T3: Tools and Technologies for Semantic Web Services,http://data.semanticweb.org/ns/swc/ontology#TutorialEvent,Liliana Cabral,http://data.semanticweb.org/person/liliana-cabral,,,,,0,,0
http://data.semanticweb.org/ns/swc/ontology#Chair,Organizer,http://data.semanticweb.org/conference/iswc/2004/tutorial-3,T3: Tools and Technologies for Semantic Web Services,http://data.semanticweb.org/ns/swc/ontology#TutorialEvent,Matthew Moran,http://data.semanticweb.org/person/matthew-moran,,,,,0,,0
http://data.semanticweb.org/ns/swc/ontology#Chair,Organizer,http://data.semanticweb.org/conference/iswc/2004/tutorial-3,T3: Tools and Technologies for Semantic Web Services,http://data.semanticweb.org/ns/swc/ontology#TutorialEvent,Michael Stollberg,http://data.semanticweb.org/person/michael-stollberg,,,,,0,,0
http://data.semanticweb.org/ns/swc/ontology#Chair,Organizer,http://data.semanticweb.org/conference/iswc/2004/tutorial-3,T3: Tools and Technologies for Semantic Web Services,http://data.semanticweb.org/ns/swc/ontology#TutorialEvent,Michael Zaremba,http://data.semanticweb.org/person/michael-zaremba,,,,,0,,0
http://data.semanticweb.org/ns/swc/ontology#Chair,Organizer,http://data.semanticweb.org/conference/iswc/2004/tutorial-3,T3: Tools and Technologies for Semantic Web Services,http://data.semanticweb.org/ns/swc/ontology#TutorialEvent,Sinuhe Arroyo,http://data.semanticweb.org/person/sinuhe-arroyo,,,,,0,,0
http://data.semanticweb.org/ns/swc/ontology#Chair,Organizer,http://data.semanticweb.org/conference/iswc/2004/tutorial-4,T4: RDF and Topic Maps Interoperability in Practice,http://data.semanticweb.org/ns/swc/ontology#TutorialEvent,Lars Marius Garshol,http://data.semanticweb.org/person/lars-marius-garshol,,,,,0,,0
http://data.semanticweb.org/ns/swc/ontology#Chair,Organizer,http://data.semanticweb.org/conference/iswc/2004/tutorial-4,T4: RDF and Topic Maps Interoperability in Practice,http://data.semanticweb.org/ns/swc/ontology#TutorialEvent,Steve Pepper,http://data.semanticweb.org/person/steve-pepper,,,,,0,,0
http://data.semanticweb.org/ns/swc/ontology#Chair,Organizer,http://data.semanticweb.org/conference/iswc/2004/tutorial-5,T5: Theory and Practice of RDF Query Processing,http://data.semanticweb.org/ns/swc/ontology#TutorialEvent,Ad Aerts,http://data.semanticweb.org/person/ad-aerts,,,,,0,,0
http://data.semanticweb.org/ns/swc/ontology#Chair,Organizer,http://data.semanticweb.org/conference/iswc/2004/tutorial-5,T5: Theory and Practice of RDF Query Processing,http://data.semanticweb.org/ns/swc/ontology#TutorialEvent,Geert-Jan Houben,http://data.semanticweb.org/person/geert-jan-houben,,,,,0,,0
http://data.semanticweb.org/ns/swc/ontology#Chair,Organizer,http://data.semanticweb.org/conference/iswc/2004/tutorial-5,T5: Theory and Practice of RDF Query Processing,http://data.semanticweb.org/ns/swc/ontology#TutorialEvent,Heiner Stuckenschmidt,http://data.semanticweb.org/person/heiner-stuckenschmidt,,,,,0,Vrije Universiteit Amsterdam,1
http://data.semanticweb.org/ns/swc/ontology#Chair,Organizer,http://data.semanticweb.org/conference/iswc/2004/tutorial-5,T5: Theory and Practice of RDF Query Processing,http://data.semanticweb.org/ns/swc/ontology#TutorialEvent,Jeen Broekstra,http://data.semanticweb.org/person/jeen-broekstra,,,,,0,,0
http://data.semanticweb.org/ns/swc/ontology#Chair,Organizer,http://data.semanticweb.org/conference/iswc/2004/tutorial-5,T5: Theory and Practice of RDF Query Processing,http://data.semanticweb.org/ns/swc/ontology#TutorialEvent,Richard Vdovjak,http://data.semanticweb.org/person/richard-vdovjak,,,,,0,,0
http://data.semanticweb.org/ns/swc/ontology#Chair,Organizer,http://data.semanticweb.org/conference/iswc/2004/tutorial-6,"T6: Semantic Web Rules with Ontologies, and their E-Business Applications",http://data.semanticweb.org/ns/swc/ontology#TutorialEvent,Benjamin Grosof,http://data.semanticweb.org/person/benjamin-grosof,,,,,0,MIT,1
http://data.semanticweb.org/ns/swc/ontology#Chair,Organizer,http://data.semanticweb.org/conference/iswc/2004/tutorial-6,"T6: Semantic Web Rules with Ontologies, and their E-Business Applications",http://data.semanticweb.org/ns/swc/ontology#TutorialEvent,Mike Dean,http://data.semanticweb.org/person/mike-dean,,,,,0,BBN,1
