Telefonica,Telefónica,,http://dbpedia.org/resource/Telef%C3%B3nica,,auto,,,True,
Parlance project,Elwood (American musician),,http://dbpedia.org/resource/Elwood_(American_musician),,auto,,,True,
LinkedUp project,Radia,,http://dbpedia.org/resource/Radia,,auto,,,True,
The Open PHACTS Foundation,Teaching reading: whole language and phonics,,http://dbpedia.org/resource/Teaching_reading:_whole_language_and_phonics,,auto,,,,
Semantic Valley,Chris Welty,,http://dbpedia.org/resource/Chris_Welty,,auto,,,,
OpenLink software,OpenLink Software,,http://dbpedia.org/resource/OpenLink_Software,,auto,,,True,
Poolparty,Semantic Web Company,,http://dbpedia.org/resource/Semantic_Web_Company,,auto,,,True,
News Reader project,Worldreader,,http://dbpedia.org/resource/Worldreader,,auto,,,True,
Synerscope,Traffic analysis,,http://dbpedia.org/resource/Traffic_analysis,,auto,,,,
Okkam,Occam's razor,,http://dbpedia.org/resource/Occam's_razor,,auto,,,,
SICRaS,Escitalopram,,http://dbpedia.org/resource/Escitalopram,,auto,,,,
Bpeng,Mining industry of Nigeria,,http://dbpedia.org/resource/Mining_industry_of_Nigeria,,auto,,,,
Centro Ricerche GPI,Centro Ricerche GPI,,,,auto-fail-outside-wikipedia,,,,
Expert System,Expert system,,http://dbpedia.org/resource/Expert_system,,auto,,,,
Informatica Trentina s.p.a.,Informatica Trentina s.p.a.,,,,auto-fail-outside-wikipedia,,,,
Institute of Cognitive Sciences and Technologies - CNR,Anthropology,,http://dbpedia.org/resource/Anthropology,,auto,,,,
iMinds,Vocativ,,http://dbpedia.org/resource/Vocativ,,auto,,,True,
Videolectures,VideoLectures.net,,http://dbpedia.org/resource/VideoLectures.net,,auto,,,,
Artificial Intelligence Journal,Artificial Intelligence (journal),,http://dbpedia.org/resource/Artificial_Intelligence_(journal),,auto,,,,
Yahoo Labs,Yahoo! Labs,,http://dbpedia.org/resource/Yahoo!_Labs,,auto,,,,
Vienna University of Economics & Business,Vienna University of Economics and Business,,http://dbpedia.org/resource/Vienna_University_of_Economics_and_Business,,auto,,,True,
LinkingData I/O LLC,LinkingData I/O LLC,,,,auto-fail-outside-wikipedia,,,,
Telefónica,Telefónica,,http://dbpedia.org/resource/Telef%C3%B3nica,,auto,,,True,
Centrum voor Wiskunde en Informatica,Centrum Wiskunde & Informatica,,http://dbpedia.org/resource/Centrum_Wiskunde_&_Informatica,,auto,,,True,
Universidad Polit ́ecnica de Madrid,Orbit modeling,,http://dbpedia.org/resource/Orbit_modeling,,auto,,,,
Bonn Universität,University of Bonn,,http://dbpedia.org/resource/University_of_Bonn,,auto,,,True,
Chile University,University of Chile,,http://dbpedia.org/resource/University_of_Chile,,auto,,,True,
INRIA & Université de Grenoble 1,Grenoble,,http://dbpedia.org/resource/Grenoble,,auto,,,,
IRIT Toulouse,Modal logic,,http://dbpedia.org/resource/Modal_logic,,auto,,,,
"Aston Business School, Aston University, Birmingham",Aston University,,http://dbpedia.org/resource/Aston_University,,auto,,,True,
College of Information Science & Technology,Penn State College of Information Sciences and Technology,,http://dbpedia.org/resource/Penn_State_College_of_Information_Sciences_and_Technology,,auto,,,True,
"KMI, The Open University",John Naughton,,http://dbpedia.org/resource/John_Naughton,,auto,,,,
"RecordSure, London","RecordSure, London",,,,auto-fail-outside-wikipedia,,,,
"L3S Research Center, Leibniz University","L3S Research Center, Leibniz University",,,,auto-fail-outside-wikipedia,,,,
"Semantic Technology Institute (STI) Innsbruck, University of Innsbruck",Semantic Technology Institute International,,http://dbpedia.org/resource/Semantic_Technology_Institute_International,,auto,,,True,
Université Paris 13 & CNR-ISTC,Editio princeps,,http://dbpedia.org/resource/Editio_princeps,,auto,,,,
Heriot-Watt University,Heriot-Watt University,,http://dbpedia.org/resource/Heriot-Watt_University,,auto,,,True,
Ontology and Conceptual Modeling Research Group (NEMO)/Federal University of Espirito Santo (UFES),OntoUML,,http://dbpedia.org/resource/OntoUML,,auto,,,,
CSIRO Computational Informatics,Bronwyn Harch,,,,auto-fail,,,,
W3C MIT,World Wide Web Consortium,,http://dbpedia.org/resource/World_Wide_Web_Consortium,,auto,,,True,
Open Data Institute,Open Data Institute,,http://dbpedia.org/resource/Open_Data_Institute,,auto,,,True,
Bosch Research and Technology Center,Robert Bosch GmbH,,http://dbpedia.org/resource/Robert_Bosch_GmbH,,auto,,,True,
Universität der Bundeswehr München,Bundeswehr University Munich,,http://dbpedia.org/resource/Bundeswehr_University_Munich,,auto,,,True,
DCC,Delaware County Christian School,,http://dbpedia.org/resource/Delaware_County_Christian_School,,auto,,,,
Fujitsu Laboratories of Europe,Fujitsu,,http://dbpedia.org/resource/Fujitsu,,auto,,,True,
Aalto University and University of Helsinki,Aalto University,,http://dbpedia.org/resource/Aalto_University,,auto,,,True,
"Department of Computer Science, University of Cape Town",Kabul University,,http://dbpedia.org/resource/Kabul_University,,auto,,,True,
University of Portsmouth,University of Portsmouth,,http://dbpedia.org/resource/University_of_Portsmouth,,auto,,,True,
Technische Universität Dresden,Dresden University of Technology,,http://dbpedia.org/resource/Dresden_University_of_Technology,,auto,,,True,
UCSB Department of Geography,"University of California, Santa Barbara",,"http://dbpedia.org/resource/University_of_California,_Santa_Barbara",,auto,,,True,
Poznan University of Technology,Poznań University of Technology,,http://dbpedia.org/resource/Pozna%C5%84_University_of_Technology,,auto,,,True,
Florida International University,Florida International University,,http://dbpedia.org/resource/Florida_International_University,,auto,,,True,
University of Texas at Arlington,University of Texas at Arlington,,http://dbpedia.org/resource/University_of_Texas_at_Arlington,,auto,,,True,
"National University of Ireland, Galway, INSIGHT Centre for Data Analytics",Auckland,,http://dbpedia.org/resource/Auckland,,auto,,,,
"Computer Science, Sirindhorn Intl. Inst. of Tech., Thammasat University","Computer Science, Sirindhorn Intl. Inst. of Tech., Thammasat University",,,,auto-fail-outside-wikipedia,,,,
MODUL University,MODUL University Vienna,,http://dbpedia.org/resource/MODUL_University_Vienna,,auto,,,True,
National University of Singapore,National University of Singapore,,http://dbpedia.org/resource/National_University_of_Singapore,,auto,,,True,
"Instituto Superior Técnico, Lisbon University",Instituto Superior Técnico,,http://dbpedia.org/resource/Instituto_Superior_T%C3%A9cnico,,auto,,,True,
"Institute of Computer Science, FORTH",Donald Bren School of Information and Computer Sciences,,http://dbpedia.org/resource/Donald_Bren_School_of_Information_and_Computer_Sciences,,auto,,,,
IIT Delhi,Indian Institute of Technology Delhi,,http://dbpedia.org/resource/Indian_Institute_of_Technology_Delhi,,auto,,,True,
"LRI, Université Paris-Sud","LRI, Université Paris-Sud",,,,auto-fail-outside-wikipedia,,,,
"Hasso-Plattner-Institute for IT Systems Engineering, University of Potsdam",Hasso Plattner Institute,,http://dbpedia.org/resource/Hasso_Plattner_Institute,,auto,,,True,
The Open University - Knowledge Media Institute,Western Carolina University,,http://dbpedia.org/resource/Western_Carolina_University,,auto,,,True,
"Kiel University and Leibniz Information Center for Economics, Kiel",Kiel Institute for the World Economy,,http://dbpedia.org/resource/Kiel_Institute_for_the_World_Economy,,auto,,,True,
"Dept. of Informatics, PUC-Rio",List of architecture schools,,http://dbpedia.org/resource/List_of_architecture_schools,,auto,,,,
"Sépage & STIH, Université Paris-Sorbonne","Sépage & STIH, Université Paris-Sorbonne",,,,auto-fail-outside-wikipedia,,,,
Karlsruher Institut für Technologie (KIT),Karlsruhe Institute of Technology,,http://dbpedia.org/resource/Karlsruhe_Institute_of_Technology,,auto,,,True,
CSIRO & Australian National University,Australian National University,,http://dbpedia.org/resource/Australian_National_University,,auto,,,True,
STI Innsbruck,Seekda,,http://dbpedia.org/resource/Seekda,,auto,,,True,
San Jose State University,San Jose State University,,http://dbpedia.org/resource/San_Jose_State_University,,auto,,,True,
CWI & VU University Amsterdam,Martin L. Kersten,,,,auto-fail,,,,
East China University of Scicence and Technology,East China University of Scicence and Technology,,,,auto-fail-outside-wikipedia,,,,
City University of Hong Kong,City University of Hong Kong,,http://dbpedia.org/resource/City_University_of_Hong_Kong,,auto,,,True,
"DERI, National University of Ireland, Galway",Digital Enterprise Research Institute,,http://dbpedia.org/resource/Digital_Enterprise_Research_Institute,,auto,,,True,
TopQuadrant Inc,SAPPHIRE (Health care),,http://dbpedia.org/resource/SAPPHIRE_(Health_care),,auto,,,,
The University of Sheffield,University of Sheffield,,http://dbpedia.org/resource/University_of_Sheffield,,auto,,,True,
Harvard Medical School & Massachusetts General Hospital,Harvard Medical School,,http://dbpedia.org/resource/Harvard_Medical_School,,auto,,,True,
DERI NUIG,Celtrak,,http://dbpedia.org/resource/Celtrak,,auto,,,True,
AIFB,All India Forward Bloc,,http://dbpedia.org/resource/All_India_Forward_Bloc,,auto,,,True,
"University Munich, Germany",Bundeswehr University Munich,,http://dbpedia.org/resource/Bundeswehr_University_Munich,,auto,,,True,
"Nanjing University, China",Nanjing University of Chinese Medicine,,http://dbpedia.org/resource/Nanjing_University_of_Chinese_Medicine,,auto,,,True,
IBM TJ Watson Research Center,Thomas J. Watson Research Center,,http://dbpedia.org/resource/Thomas_J._Watson_Research_Center,,auto,,,True,
University of Bonn,University of Bonn,,http://dbpedia.org/resource/University_of_Bonn,,auto,,,True,
IBM Research Almaden,IBM Research,,http://dbpedia.org/resource/IBM_Research,,auto,,,True,
DOCOMO Euro labs,NTT DoCoMo,,http://dbpedia.org/resource/NTT_DoCoMo,,auto,,,True,
PNNL,Pacific Northwest National Laboratory,,http://dbpedia.org/resource/Pacific_Northwest_National_Laboratory,,auto,,,True,
"Hypios & STIH, Université Paris-Sorbonne, France","Hypios & STIH, Université Paris-Sorbonne, France",,,,auto-fail-outside-wikipedia,,,,
Yahoo! Inc,Yahoo!,,http://dbpedia.org/resource/Yahoo!,,auto,,,True,
"DERI, National University of Ireland Galway",Digital Enterprise Research Institute,,http://dbpedia.org/resource/Digital_Enterprise_Research_Institute,,auto,,,True,
Martin L. Kersten,Centrum Wiskunde & Informatica,,http://dbpedia.org/resource/Centrum_Wiskunde_&_Informatica,,auto,,,True,
"AKSW Group, University of Leipzig",OntoWiki,,http://dbpedia.org/resource/OntoWiki,,auto,,,,
Semantic Web Company,Semantic Web Company,,http://dbpedia.org/resource/Semantic_Web_Company,,auto,,,True,
Playence,Play,,http://dbpedia.org/resource/Play,,auto,,,,
Institute of Law & Technology,UAB Institute of Law and Technology,,http://dbpedia.org/resource/UAB_Institute_of_Law_and_Technology,,auto,,,True,
"BT,",BT Group,,http://dbpedia.org/resource/BT_Group,,auto,,,True,
Cocharne.org,Cocharne.org,,,,auto-fail-outside-wikipedia,,,,
KONA,Kona,,http://dbpedia.org/resource/Kona,,auto,,,,
RMIT University,RMIT University,,http://dbpedia.org/resource/RMIT_University,,auto,,,True,
NYT,National Youth Theatre,,http://dbpedia.org/resource/National_Youth_Theatre,,auto,,,True,
Software AG,Software AG,,http://dbpedia.org/resource/Software_AG,,auto,,,True,
Bitext,Parallel text,,http://dbpedia.org/resource/Parallel_text,,auto,,,,
APA,American Psychological Association,,http://dbpedia.org/resource/American_Psychological_Association,,auto,,,True,
"Institute of Computer Science, FORTH-ICS, GREECE",Upper ontology,,http://dbpedia.org/resource/Upper_ontology,,auto,,,,
"Okkam SRL (Trento, Italy) & University of Trento","Okkam SRL (Trento, Italy) & University of Trento",,,,auto-fail-outside-wikipedia,,,,
University of Bari - Department of Computer Science,George Maltese,,http://dbpedia.org/resource/George_Maltese,,auto,,,,
IBM Research - Smarter Cities Technology Center (SCTC) Ireland,IBM Research - Smarter Cities Technology Center (SCTC) Ireland,,,,auto-fail-outside-wikipedia,,,,
"University of Trento, FBK-irst",NuSMV,,http://dbpedia.org/resource/NuSMV,,auto,,,,
"BBC - Research and Education Space, United Kingdom",Politics of the United Kingdom,,http://dbpedia.org/resource/Politics_of_the_United_Kingdom,,auto,,,,
Fondazione Bruno Kessler-IRST,NuSMV,,http://dbpedia.org/resource/NuSMV,,auto,,,,
Fondazione Bruno Kessler - FBK-IRST,Bruno Kessler,,http://dbpedia.org/resource/Bruno_Kessler,,auto,,,,
CSIR,Council of Scientific and Industrial Research,,http://dbpedia.org/resource/Council_of_Scientific_and_Industrial_Research,,auto,,,True,
Bronwyn Harch,Ipswich Girls' Grammar School,,http://dbpedia.org/resource/Ipswich_Girls'_Grammar_School,,auto,,,True,
"DCC, Universidad de Chile",DEX (Graph database),,http://dbpedia.org/resource/DEX_(Graph_database),,auto,,,,
European Bioinformatics Institute,European Bioinformatics Institute,,http://dbpedia.org/resource/European_Bioinformatics_Institute,,auto,,,True,
"The European Bioinformatics Institute, Cambridge, UK",Wellcome Trust Sanger Institute,,http://dbpedia.org/resource/Wellcome_Trust_Sanger_Institute,,auto,,,,
"Information Technologies Institute, Centre of Research & Technology - Hellas",Himachal Pradesh University,,http://dbpedia.org/resource/Himachal_Pradesh_University,,auto,,,True,
Auckland,Auckland Rugby Football Union,,http://dbpedia.org/resource/Auckland_Rugby_Football_Union,,auto,,,True,
Council of Scientific and Industrial Research,Council of Scientific and Industrial Research,,http://dbpedia.org/resource/Council_of_Scientific_and_Industrial_Research,,auto,,,True,
Sapienza - Universita di Roma,"Orto Botanico dell'Università di Roma ""La Sapienza""",,http://dbpedia.org/resource/Orto_Botanico_dell'Universit%C3%A0_di_Roma_%22La_Sapienza%22,,auto,,,,
"Carnegie Mellon University, School of Computer Science",Carnegie Mellon University,,http://dbpedia.org/resource/Carnegie_Mellon_University,,auto,,,True,
Institut EURECOM,Institut Eurécom,,http://dbpedia.org/resource/Institut_Eur%C3%A9com,,auto,,,True,
"Helsinki Institute for Information Technology HIIT, Aalto University, Finland",University of Helsinki,,http://dbpedia.org/resource/University_of_Helsinki,,auto,,,True,
IT Professional,Institute of IT Professionals,,http://dbpedia.org/resource/Institute_of_IT_Professionals,,auto,,,True,
Johannes Kepler University Linz,Johannes Kepler University of Linz,,http://dbpedia.org/resource/Johannes_Kepler_University_of_Linz,,auto,,,True,
3M HIS,3M,,http://dbpedia.org/resource/3M,,auto,,,True,
National Technical University of Athens (NTUA),National Technical University of Athens,,http://dbpedia.org/resource/National_Technical_University_of_Athens,,auto,,,True,
EVS Broadcast Equipment,EVS Broadcast Equipment,,http://dbpedia.org/resource/EVS_Broadcast_Equipment,,auto,,,True,
SynerScope B.V.,SynerScope B.V.,,,,auto-fail-outside-wikipedia,,,,
Information Technologies Institute,Information Technology Institute,,http://dbpedia.org/resource/Information_Technology_Institute,,auto,,,True,
Technical University Graz,Graz University of Technology,,http://dbpedia.org/resource/Graz_University_of_Technology,,auto,,,True,
University of Aston,Aston University,,http://dbpedia.org/resource/Aston_University,,auto,,,True,
"Department of Computer Science & Engineering, East China University of Science and Technology",Pakistan,,http://dbpedia.org/resource/Pakistan,,auto,,,,
"School of Computing and Mathematics, University of Western Sydney",University of Leeds,,http://dbpedia.org/resource/University_of_Leeds,,auto,,,True,
Inria,French Institute for Research in Computer Science and Automation,,http://dbpedia.org/resource/French_Institute_for_Research_in_Computer_Science_and_Automation,,auto,,,True,
Nanjing University of Chinese Medicine,Nanjing University of Chinese Medicine,,http://dbpedia.org/resource/Nanjing_University_of_Chinese_Medicine,,auto,,,True,
"MIT, Canon Inc.",Suzuki,,http://dbpedia.org/resource/Suzuki,,auto,,,True,
Universita di Genova,University of Genoa,,http://dbpedia.org/resource/University_of_Genoa,,auto,,,True,
University of Genoa,University of Genoa,,http://dbpedia.org/resource/University_of_Genoa,,auto,,,True,
"University of Koblenz-Landau, Germany",University of Koblenz and Landau,,http://dbpedia.org/resource/University_of_Koblenz_and_Landau,,auto,,,True,
Universit√§t Koblenz-Landau,Universit√§t Koblenz-Landau,,,,auto-fail-outside-wikipedia,,,,
"Faculdade de Ci√™ncias, Universidade de Lisboa","Faculdade de Ci√™ncias, Universidade de Lisboa",,,,auto-fail-outside-wikipedia,,,,
"Institute for Softwaresystems, Hamburg University of Technology","Institute for Softwaresystems, Hamburg University of Technology",,,,auto-fail-outside-wikipedia,,,,
"Insight Center for Data Analytics, National University of Ireland, Galway",Noam Chomsky,,http://dbpedia.org/resource/Noam_Chomsky,,auto,,,,
Noam Chomsky,Noam Chomsky,,http://dbpedia.org/resource/Noam_Chomsky,,auto,,,,
"UBITECH Research, 429 Messogion Avenue, Ag. Paraskevi Square, 153 42 Athens, Greece","UBITECH Research, 429 Messogion Avenue, Ag. Paraskevi Square, 153 42 Athens, Greece",,,,auto-fail-outside-wikipedia,,,,
"Centre for Research and Technology Hellas, Thessaloniki, Greece, Information Systems Lab, University of Macedonia, Thessaloniki, Greece","Centre for Research and Technology Hellas, Thessaloniki, Greece, Information Systems Lab, University of Macedonia, Thessaloniki, Greece",,,,auto-fail-outside-wikipedia,,,,
"Aston Business School, Aston University",Aston University,,http://dbpedia.org/resource/Aston_University,,auto,,,True,
"Aston Business School, Aston University, Birmingham, UK",Aston University,,http://dbpedia.org/resource/Aston_University,,auto,,,True,
"Insight, National University of Ireland, Galway",Employee voice,,http://dbpedia.org/resource/Employee_voice,,auto,,,,
"INSIGHT, NUI Galway",University College Cork,,http://dbpedia.org/resource/University_College_Cork,,auto,,,True,
Digital Enterprise Research Institute (DERI),Digital Enterprise Research Institute,,http://dbpedia.org/resource/Digital_Enterprise_Research_Institute,,auto,,,True,
"Digital Enterprise Research Institute (DERI), Galway",Digital Enterprise Research Institute,,http://dbpedia.org/resource/Digital_Enterprise_Research_Institute,,auto,,,True,
Dalhousie University,Dalhousie University,,http://dbpedia.org/resource/Dalhousie_University,,auto,,,True,
Curtin University,Curtin University,,http://dbpedia.org/resource/Curtin_University,,auto,,,True,
FBK -IRST,Färjestad BK,,http://dbpedia.org/resource/F%C3%A4rjestad_BK,,auto,,,True,
FBK - IRST,Färjestad BK,,http://dbpedia.org/resource/F%C3%A4rjestad_BK,,auto,,,True,
Färjestad BK,Färjestad BK,,http://dbpedia.org/resource/F%C3%A4rjestad_BK,,auto,,,True,
SayService,SayService,,,,auto-fail-outside-wikipedia,,,,
"NICHE Research Group, Dalhousie University",Lithium-ion battery,,http://dbpedia.org/resource/Lithium-ion_battery,,auto,,,,
Lithium-ion battery,Lithium-ion battery,,http://dbpedia.org/resource/Lithium-ion_battery,,auto,,,,
QinetiQ,Qinetiq,,http://dbpedia.org/resource/Qinetiq,,auto,,,True,
Unister GmbH,Unister GmbH,,,,auto-fail-outside-wikipedia,,,,
Universit√† degli Studi Roma Tre,Universit√† degli Studi Roma Tre,,,,auto-fail-outside-wikipedia,,,,
Technische Universit√§t Dresden,Technische Universit√§t Dresden,,,,auto-fail-outside-wikipedia,,,,
Ipswich Girls' Grammar School,Ipswich Girls' Grammar School,,http://dbpedia.org/resource/Ipswich_Girls'_Grammar_School,,auto,,,True,
Huygens ING,Nationaal Archief,,http://dbpedia.org/resource/Nationaal_Archief,,auto,,,True,
Nationaal Archief,Nationaal Archief,,http://dbpedia.org/resource/Nationaal_Archief,,auto,,,True,
Stanford Center for Biomedical Informatics Research,H. V. Jagadish,,http://dbpedia.org/resource/H._V._Jagadish,,auto,,,,
University of Roma Tre,Roma Tre University,,http://dbpedia.org/resource/Roma_Tre_University,,auto,,,True,
Department of Computer Science &amp,University of Minnesota,,http://dbpedia.org/resource/University_of_Minnesota,,auto,,,True,
"Engineering, East China University of Science and Technology",Poland,,,,auto-fail,,,,
IBM Services Center Benelux,Inventive Designers,,http://dbpedia.org/resource/Inventive_Designers,,auto,,,True,
IBM Netherlands,International Business School Groningen,,http://dbpedia.org/resource/International_Business_School_Groningen,,auto,,,True,
Inventive Designers,Inventive Designers,,http://dbpedia.org/resource/Inventive_Designers,,auto,,,True,
Poland,Poland national football team,,http://dbpedia.org/resource/Poland_national_football_team,,auto,,,True,
"Information Technologies Institute, Centre of Research and Technology - Hellas",Himachal Pradesh University,,http://dbpedia.org/resource/Himachal_Pradesh_University,,auto,,,True,
"CITEC, Bielefeld University",Bielefeld University,,http://dbpedia.org/resource/Bielefeld_University,,auto,,,True,
Universite de Rennes 1,University of Rennes 1,,http://dbpedia.org/resource/University_of_Rennes_1,,auto,,,True,
"LRI, Universit√© Paris Sud","LRI, Universit√© Paris Sud",,,,auto-fail-outside-wikipedia,,,,
The Insight Center for Data Analytics,Walmart,,http://dbpedia.org/resource/Walmart,,auto,,,True,
TU Wien,Vienna University of Technology,,http://dbpedia.org/resource/Vienna_University_of_Technology,,auto,,,True,
Vienna University of Economics and Business - WU Wien,Alsergrund,,http://dbpedia.org/resource/Alsergrund,,auto,,,,
"Department of Computer Science, Pontificia Universidad Cato ÃÅlica, Chile","Department of Computer Science, Pontificia Universidad Cato ÃÅlica, Chile",,,,auto-fail-outside-wikipedia,,,,
Alsergrund,Alsergrund,,http://dbpedia.org/resource/Alsergrund,,auto,,,,
Vienna University of Economy and Business (WU),Vienna University of Economics and Business,,http://dbpedia.org/resource/Vienna_University_of_Economics_and_Business,,auto,,,True,
Western Carolina University,Western Carolina University,,http://dbpedia.org/resource/Western_Carolina_University,,auto,,,True,
"Universidad Simon Bolivar, Department of Computer Science",Simón Bolívar University,,http://dbpedia.org/resource/Sim%C3%B3n_Bol%C3%ADvar_University,,auto,,,True,
LINA- Nantes University,List of University of Santo Tomas people,,http://dbpedia.org/resource/List_of_University_of_Santo_Tomas_people,,auto,,,,
Nantes University,University of Nantes,,http://dbpedia.org/resource/University_of_Nantes,,auto,,,True,
University of Nantes - LINA,University of Nantes,,http://dbpedia.org/resource/University_of_Nantes,,auto,,,True,
"Insight Centre for Data Analytics, National University of Ireland Galway",Auckland,,http://dbpedia.org/resource/Auckland,,auto,,,,
"Department of Computer Science, North Carolina State University, Raleigh, NC",North Carolina State University,,http://dbpedia.org/resource/North_Carolina_State_University,,auto,,,True,
Auckland Rugby Football Union,Auckland Rugby Football Union,,http://dbpedia.org/resource/Auckland_Rugby_Football_Union,,auto,,,True,
"Department of Computer Science, The University of Texas at Austin",Matt Kaufmann,,http://dbpedia.org/resource/Matt_Kaufmann,,auto,,,,
PUC Chile,Pontifical Catholic University of Chile,,http://dbpedia.org/resource/Pontifical_Catholic_University_of_Chile,,auto,,,True,
Vienna University of Economics and Business,Vienna University of Economics and Business,,http://dbpedia.org/resource/Vienna_University_of_Economics_and_Business,,auto,,,True,
Universidad Politecnica of Madrid,Technical University of Madrid,,http://dbpedia.org/resource/Technical_University_of_Madrid,,auto,,,True,
"Institute AIFB, Karlsruhe Institute of Technology",Crowdsourcing,,http://dbpedia.org/resource/Crowdsourcing,,auto,,,,
Semantic Technology Institute,Semantic Technology Institute International,,http://dbpedia.org/resource/Semantic_Technology_Institute_International,,auto,,,True,
Fujitsu (Ireland) Limited,Fujitsu,,http://dbpedia.org/resource/Fujitsu,,auto,,,True,
Uppsala University,Uppsala University,,http://dbpedia.org/resource/Uppsala_University,,auto,,,True,
"Institute of Software Technology and Interactive Systems, Vienna University of Technology",Augmented reality,,http://dbpedia.org/resource/Augmented_reality,,auto,,,,
MQUTeR,DirectShow,,http://dbpedia.org/resource/DirectShow,,auto,,,,
Hebridean Connections,Murdo Stewart MacDonald,,http://dbpedia.org/resource/Murdo_Stewart_MacDonald,,auto,,,,
Agile Knowledge Engineering and Semantic Web (AKSW),OntoWiki,,http://dbpedia.org/resource/OntoWiki,,auto,,,,
TU Berlin,Technical University of Berlin,,http://dbpedia.org/resource/Technical_University_of_Berlin,,auto,,,True,
Universidade Federal do Ceará - UFC,University of Cologne,,http://dbpedia.org/resource/University_of_Cologne,,auto,,,True,
WU Vienna,Vienna University of Economics and Business,,http://dbpedia.org/resource/Vienna_University_of_Economics_and_Business,,auto,,,True,
Unimore,University of Modena and Reggio Emilia,,http://dbpedia.org/resource/University_of_Modena_and_Reggio_Emilia,,auto,,,True,
Universita` di Modena e Reggio Emilia,University of Modena and Reggio Emilia,,http://dbpedia.org/resource/University_of_Modena_and_Reggio_Emilia,,auto,,,True,
SAYservice s.r.l.,SAYservice s.r.l.,,,,auto-fail-outside-wikipedia,,,,
"ECE, National Technical University of Athens & IMIS, Research Center ATHENA","ECE, National Technical University of Athens & IMIS, Research Center ATHENA",,,,auto-fail-outside-wikipedia,,,,
Université de Bordeaux,University of Bordeaux,,http://dbpedia.org/resource/University_of_Bordeaux,,auto,,,True,
"Språkbanken, University of Gothenburg",August Strindberg,,http://dbpedia.org/resource/August_Strindberg,,auto,,,,
Royal College of Music,Royal College of Music,,http://dbpedia.org/resource/Royal_College_of_Music,,auto,,,True,
"Communications, Open University",Distance education,,http://dbpedia.org/resource/Distance_education,,auto,,,,
"nsight, Centre for Data Analytics at National University of Ireland","nsight, Centre for Data Analytics at National University of Ireland",,,,auto-fail-outside-wikipedia,,,,
Technische Universität Berlin,Technical University of Berlin,,http://dbpedia.org/resource/Technical_University_of_Berlin,,auto,,,True,
Eksin,Evolutionary computation,,http://dbpedia.org/resource/Evolutionary_computation,,auto,,,,
"Insight Centre for Data Analytics, National University of Ireland, Galway",Auckland,,http://dbpedia.org/resource/Auckland,,auto,,,,
UFRJ,Federal University of Rio de Janeiro,,http://dbpedia.org/resource/Federal_University_of_Rio_de_Janeiro,,auto,,,True,
ISTI CNR,Istituto di Scienza e Tecnologie dell'Informazione,,http://dbpedia.org/resource/Istituto_di_Scienza_e_Tecnologie_dell'Informazione,,auto,,,True,
L3S,L3/35,,http://dbpedia.org/resource/L3/35,,auto,,,,
TWC RPI,2012–13 Syracuse Orange men's basketball team,,http://dbpedia.org/resource/2012%E2%80%9313_Syracuse_Orange_men's_basketball_team,,auto,,,,
"college of Computer science, zhejiang university",University of Florida,,http://dbpedia.org/resource/University_of_Florida,,auto,,,True,
Miami University,Miami University,,http://dbpedia.org/resource/Miami_University,,auto,,,True,
University of Florida,University of Florida,,http://dbpedia.org/resource/University_of_Florida,,auto,,,True,
Professor,Professor,,http://dbpedia.org/resource/Professor,,auto,,,,
NuSMV,NuSMV,,http://dbpedia.org/resource/NuSMV,,auto,,,,
IIT-CNR,EURid,,http://dbpedia.org/resource/EURid,,auto,,,True,
IO Informatics,Fachinformationszentrum Karlsruhe,,http://dbpedia.org/resource/Fachinformationszentrum_Karlsruhe,,auto,,,True,
"Digital Enterprise Research Institute, NUI Galway","National University of Ireland, Galway",,"http://dbpedia.org/resource/National_University_of_Ireland,_Galway",,auto,,,True,
INSIGHT,Insight,,http://dbpedia.org/resource/Insight,,auto,,,,
EURid,EURid,,http://dbpedia.org/resource/EURid,,auto,,,True,
Université Nice Sophia Anipolis,Université Nice Sophia Anipolis,,,,auto-fail-outside-wikipedia,,,,
Mozaika,Shukhuti mosaic,,http://dbpedia.org/resource/Shukhuti_mosaic,,auto,,,,
University of Gothenburg,University of Gothenburg,,http://dbpedia.org/resource/University_of_Gothenburg,,auto,,,True,
Ghent University - iMinds - MMLab,Ghent University,,http://dbpedia.org/resource/Ghent_University,,auto,,,True,
"DFKI GmbH, Language Technology Lab",European Institute of Innovation and Technology,,http://dbpedia.org/resource/European_Institute_of_Innovation_and_Technology,,auto,,,,
Augmented reality,Augmented reality,,http://dbpedia.org/resource/Augmented_reality,,auto,,,,
Politehnica University Timisoara,Polytechnic University of Timișoara,,http://dbpedia.org/resource/Polytechnic_University_of_Timi%C8%99oara,,auto,,,True,
Nankai University,Nankai University,,http://dbpedia.org/resource/Nankai_University,,auto,,,True,
Technical University of Berlin,Technical University of Berlin,,http://dbpedia.org/resource/Technical_University_of_Berlin,,auto,,,True,
Semiodesk GbR,Semiodesk GbR,,,,auto-fail-outside-wikipedia,,,,
Chalmers University of Technology,Chalmers University of Technology,,http://dbpedia.org/resource/Chalmers_University_of_Technology,,auto,,,True,
Tetherless World Constellation (RPI),Virtual observatory,,http://dbpedia.org/resource/Virtual_observatory,,auto,,,,
Università degli Studi di Bari,University of Bari,,http://dbpedia.org/resource/University_of_Bari,,auto,,,True,
"Center for Open Middleware, Ontology Engineering Group",D-Grid,,http://dbpedia.org/resource/D-Grid,,auto,,,,
"Faculty of Sciences, Lisbon University",Faculdade de Ciências e Tecnologia da Universidade Nova de Lisboa,,http://dbpedia.org/resource/Faculdade_de_Ci%C3%AAncias_e_Tecnologia_da_Universidade_Nova_de_Lisboa,,auto,,,True,
UNS,UNS,,http://dbpedia.org/resource/UNS,,auto,,,,
"Centre for Digital Music, Queen Mary University of London",King's College London,,http://dbpedia.org/resource/King's_College_London,,auto,,,True,
"University of Innsbruck, Austria",University of Innsbruck,,http://dbpedia.org/resource/University_of_Innsbruck,,auto,,,True,
KMi,KMIS,,http://dbpedia.org/resource/KMIS,,auto,,,True,
Computer Science Department. University of Valladolid,University of Valladolid,,http://dbpedia.org/resource/University_of_Valladolid,,auto,,,True,
Université de Rennes 1,University of Rennes 1,,http://dbpedia.org/resource/University_of_Rennes_1,,auto,,,True,
Ferdowsi University of Mashhad,Ferdowsi University of Mashhad,,http://dbpedia.org/resource/Ferdowsi_University_of_Mashhad,,auto,,,True,
University of Calabria,University of Calabria,,http://dbpedia.org/resource/University_of_Calabria,,auto,,,True,
KIT Karlsruhe,Karlsruhe Institute of Technology,,http://dbpedia.org/resource/Karlsruhe_Institute_of_Technology,,auto,,,True,
"Music Technology Group, Universitat Pompeu Fabra",Freesound,,http://dbpedia.org/resource/Freesound,,auto,,,,
German Research Center for Artificial Intelligence DFKI GmbH,German Research Centre for Artificial Intelligence,,http://dbpedia.org/resource/German_Research_Centre_for_Artificial_Intelligence,,auto,,,True,
August Strindberg,August Strindberg,,http://dbpedia.org/resource/August_Strindberg,,auto,,,,
National Research Council of Italy,Consiglio Nazionale delle Ricerche,,http://dbpedia.org/resource/Consiglio_Nazionale_delle_Ricerche,,auto,,,,
French Institute for Research in Computer Science and Automation,French Institute for Research in Computer Science and Automation,,http://dbpedia.org/resource/French_Institute_for_Research_in_Computer_Science_and_Automation,,auto,,,True,
"STI Innsbruck, University of Innsbruck",Semantic Technology Institute International,,http://dbpedia.org/resource/Semantic_Technology_Institute_International,,auto,,,True,
D-Grid,D-Grid,,http://dbpedia.org/resource/D-Grid,,auto,,,,
FBK-irst,NuSMV,,http://dbpedia.org/resource/NuSMV,,auto,,,,
Leibniz Institute for Psychology Information,Leibniz Institute for Psychology Information,,http://dbpedia.org/resource/Leibniz_Institute_for_Psychology_Information,,auto,,,,
fluidOps,Fluid Operations,,http://dbpedia.org/resource/Fluid_Operations,,auto,,,True,
Crowdsourcing,Crowdsourcing,,http://dbpedia.org/resource/Crowdsourcing,,auto,,,,
Fraunhofer FOKUS,BerliOS,,http://dbpedia.org/resource/BerliOS,,auto,,,,
Universidad de Valladolid,University of Valladolid,,http://dbpedia.org/resource/University_of_Valladolid,,auto,,,True,
ECUST,East China University of Science and Technology,,http://dbpedia.org/resource/East_China_University_of_Science_and_Technology,,auto,,,True,
"Departamento de Ingeniería de Sistemas Telemáticos, Universidad Politécnica de Madrid","Departamento de Ingeniería de Sistemas Telemáticos, Universidad Politécnica de Madrid",,,,auto-fail-outside-wikipedia,,,,
University of Montpellier - LIRMM,University of Montpellier,,http://dbpedia.org/resource/University_of_Montpellier,,auto,,,True,
University of Macedonia,University of Macedonia,,http://dbpedia.org/resource/University_of_Macedonia,,auto,,,True,
Department of Media Technology Aalto University School of Science,Helsinki University of Technology,,http://dbpedia.org/resource/Helsinki_University_of_Technology,,auto,,,True,
CERTH,Cirth,,http://dbpedia.org/resource/Cirth,,auto,,,,
"Cognitive Systems Group, University of Bremen",Dynamical system,,http://dbpedia.org/resource/Dynamical_system,,auto,,,,
L3S Research Center & Leibniz Universität Hannover,L3S Research Center & Leibniz Universität Hannover,,,,auto-fail-outside-wikipedia,,,,
Institute of Applied Informatics and Formal Description Methods (AIFB) / Karlsruhe Institute of Technology (KIT),Evolutionary robotics,,http://dbpedia.org/resource/Evolutionary_robotics,,auto,,,,
"I.S.I.R., Osaka University",Hozo,,http://dbpedia.org/resource/Hozo,,auto,,,,
Centrum Wiskunde &amp,Centrum Wiskunde &amp,,,,auto-fail-outside-wikipedia,,,,
Informatica,Informatica,,http://dbpedia.org/resource/Informatica,,auto,,,True,
Evolutionary robotics,Evolutionary robotics,,http://dbpedia.org/resource/Evolutionary_robotics,,auto,,,,
Universität Koblenz-Landau,University of Koblenz and Landau,,http://dbpedia.org/resource/University_of_Koblenz_and_Landau,,auto,,,True,
"Department of Computing Science, University of Aberdeen",University of Aberdeen,,http://dbpedia.org/resource/University_of_Aberdeen,,auto,,,True,
"Università degli Studi di Bari Aldo Moro""""",University of Bari,,http://dbpedia.org/resource/University_of_Bari,,auto,,,True,
Helsinki University of Technology,Helsinki University of Technology,,http://dbpedia.org/resource/Helsinki_University_of_Technology,,auto,,,True,
Univerity of Montpellier 2,1998–99 La Liga,,http://dbpedia.org/resource/1998%E2%80%9399_La_Liga,,auto,,,,
"Theoretical Computer Science, TU Dresden, Germany",Dresden University of Technology,,http://dbpedia.org/resource/Dresden_University_of_Technology,,auto,,,True,
Elsevier BV,Elsevier,,http://dbpedia.org/resource/Elsevier,,auto,,,True,
Ghent University - IBBT - ELIS - Multimedia Lab,Pubmeth,,http://dbpedia.org/resource/Pubmeth,,auto,,,,
Alcatel-Lucent Bell Labs/INRIA,European Institute of Innovation and Technology,,http://dbpedia.org/resource/European_Institute_of_Innovation_and_Technology,,auto,,,,
"DataWeb Research, Department of Computer Science, University of Valladolid","DataWeb Research, Department of Computer Science, University of Valladolid",,,,auto-fail-outside-wikipedia,,,,
GESIS,GESIS – Leibniz Institute for the Social Sciences,,http://dbpedia.org/resource/GESIS_%E2%80%93_Leibniz_Institute_for_the_Social_Sciences,,auto,,,,
"Cognitive Interaction Technology, Center of Excellence",Bielefeld University,,http://dbpedia.org/resource/Bielefeld_University,,auto,,,True,
BerliOS,BerliOS,,http://dbpedia.org/resource/BerliOS,,auto,,,,
"Faculty of Mathematics and Physics, Charles University in Prague",Charles University in Prague,,http://dbpedia.org/resource/Charles_University_in_Prague,,auto,,,True,
University of Cologne,University of Cologne,,http://dbpedia.org/resource/University_of_Cologne,,auto,,,True,
Know Center,Semantic Technology Institute International,,http://dbpedia.org/resource/Semantic_Technology_Institute_International,,auto,,,True,
KAIST Semantic Web Research Center,Song (KAIST) – Iyengar (LSU) MobiCon Middleware Computing Platform,,http://dbpedia.org/resource/Song_(KAIST)_%E2%80%93_Iyengar_(LSU)_MobiCon_Middleware_Computing_Platform,,auto,,,,
OntoWiki,OntoWiki,,http://dbpedia.org/resource/OntoWiki,,auto,,,,
Swiss Federal Research Institute WSL,ETH Domain,,http://dbpedia.org/resource/ETH_Domain,,auto,,,,
Freesound,Freesound,,http://dbpedia.org/resource/Freesound,,auto,,,,
Università Ca' Foscari Venezia,Ca' Foscari University of Venice,,http://dbpedia.org/resource/Ca'_Foscari_University_of_Venice,,auto,,,True,
Imagination For People,Vedran Smailović,,http://dbpedia.org/resource/Vedran_Smailovi%C4%87,,auto,,,,
"UMR 6074 IRISA, Université de Rennes 1","UMR 6074 IRISA, Université de Rennes 1",,,,auto-fail-outside-wikipedia,,,,
INESC-ID,INESC-ID,,http://dbpedia.org/resource/INESC-ID,,auto,,,,
"University of Lisbon, Faculty of Sciences",Faculdade de Ciências e Tecnologia da Universidade Nova de Lisboa,,http://dbpedia.org/resource/Faculdade_de_Ci%C3%AAncias_e_Tecnologia_da_Universidade_Nova_de_Lisboa,,auto,,,True,
fuild Operations AG,fuild Operations AG,,,,auto-fail-outside-wikipedia,,,,
Universitá di Modena e Reggio Emilia,University of Modena and Reggio Emilia,,http://dbpedia.org/resource/University_of_Modena_and_Reggio_Emilia,,auto,,,True,
Poznań University of Technology,Poznań University of Technology,,http://dbpedia.org/resource/Pozna%C5%84_University_of_Technology,,auto,,,True,
Leipzig University of Applied Sciences (HTWK),Leipzig,,http://dbpedia.org/resource/Leipzig,,auto,,,,
"IFI, University of Zurich",University of Zurich,,http://dbpedia.org/resource/University_of_Zurich,,auto,,,True,
"Cirad, TETIS","Cirad, TETIS",,,,auto-fail-outside-wikipedia,,,,
"CIRSFID, University of Bologna",European University Institute,,http://dbpedia.org/resource/European_University_Institute,,auto,,,True,
East China University of Science and Technology,East China University of Science and Technology,,http://dbpedia.org/resource/East_China_University_of_Science_and_Technology,,auto,,,True,
Technische Universitat Dresden,Dresden University of Technology,,http://dbpedia.org/resource/Dresden_University_of_Technology,,auto,,,True,
Faculdade de Ciências da Universidade de Lisboa,University of Lisbon,,http://dbpedia.org/resource/University_of_Lisbon,,auto,,,True,
Airbus Group,Airbus Group,,http://dbpedia.org/resource/Airbus_Group,,auto,,,True,
Leipzig University Library,Leipzig University,,http://dbpedia.org/resource/Leipzig_University,,auto,,,True,
Universitat Pompeu Fabra,Pompeu Fabra University,,http://dbpedia.org/resource/Pompeu_Fabra_University,,auto,,,True,
Massachusett institute of Technology,Biodegradation,,http://dbpedia.org/resource/Biodegradation,,auto,,,,
"DIBRIS, University of Genova",University of Genoa,,http://dbpedia.org/resource/University_of_Genoa,,auto,,,True,
INISGHT,Model Railroader,,http://dbpedia.org/resource/Model_Railroader,,auto,,,,
"University of Innsbruck, STI Innsbruck",Semantic Technology Institute International,,http://dbpedia.org/resource/Semantic_Technology_Institute_International,,auto,,,True,
University of Macedonia (UOM) and CERTH,University of Macedonia (UOM) and CERTH,,,,auto-fail-outside-wikipedia,,,,
Univrsity of Udine,Univrsity of Udine,,,,auto-fail-outside-wikipedia,,,,
Cemagref - UMR Tetis,Cemagref - UMR Tetis,,,,auto-fail-outside-wikipedia,,,,
Univ. Nice Sophia Antipolis,Institut d'Administration des Entreprises,,http://dbpedia.org/resource/Institut_d'Administration_des_Entreprises,,auto,,,True,
Durham University,Durham University,,http://dbpedia.org/resource/Durham_University,,auto,,,True,
KMIS,KMIS,,http://dbpedia.org/resource/KMIS,,auto,,,True,
Fondazione Bruno Kessler - FBK,Bruno Kessler,,http://dbpedia.org/resource/Bruno_Kessler,,auto,,,,
Seekda,Seekda,,http://dbpedia.org/resource/Seekda,,auto,,,True,
Semantic Technology Institute International,Semantic Technology Institute International,,http://dbpedia.org/resource/Semantic_Technology_Institute_International,,auto,,,True,
European Union - Joint Research Center (EU - JRC),Council of Europe,,http://dbpedia.org/resource/Council_of_Europe,,auto,,,,
"World Wide Web Consortium, Canon Inc.",NeXT,,http://dbpedia.org/resource/NeXT,,auto,,,True,
Polytechnic University of Timișoara,Polytechnic University of Timișoara,,http://dbpedia.org/resource/Polytechnic_University_of_Timi%C8%99oara,,auto,,,True,
Universidade Federal do Ceara,Federal University of Ceará,,http://dbpedia.org/resource/Federal_University_of_Cear%C3%A1,,auto,,,True,
Poland national football team,Poland national football team,,http://dbpedia.org/resource/Poland_national_football_team,,auto,,,True,
NUI Maynooth,"St Patrick's College, Maynooth",,"http://dbpedia.org/resource/St_Patrick's_College,_Maynooth",,auto,,,True,
"dot.rural, Digital Economy Hub, University of Aberdeen, UK",Aberdeen,,http://dbpedia.org/resource/Aberdeen,,auto,,,,
"Tetherless World Constellation, Rensselaer Polytechnic Institute",James Hendler,,http://dbpedia.org/resource/James_Hendler,,auto,,,,
Renmin University of China,Renmin University of China,,http://dbpedia.org/resource/Renmin_University_of_China,,auto,,,True,
Cirth,Cirth,,http://dbpedia.org/resource/Cirth,,auto,,,,
"college of computer science, zhejiang university",University of Florida,,http://dbpedia.org/resource/University_of_Florida,,auto,,,True,
