name,uri,conf_uri,roles,cnt_role,cnt_paper,homepage,bio,depiction,mbox_sha1sum,cnt_mbox,organization_sample,organization,organization_uri,cnt_org
A A Piccini,http://data.semanticweb.org/person/a-a-piccini,http://data.semanticweb.org/conference/iswc/2004,,0,1,,,,,0,,,,0
A. Marconi,http://data.semanticweb.org/person/a-marconi,http://data.semanticweb.org/conference/iswc/2004,,0,1,,,,,0,,,,0
Abraham Bernstein,http://data.semanticweb.org/person/abraham-bernstein,http://data.semanticweb.org/conference/iswc/2004,PC member,1,0,,,,,0,University of Zurich,University of Zurich,http://data.semanticweb.org/organization/university-of-zurich,1
Ad Aerts,http://data.semanticweb.org/person/ad-aerts,http://data.semanticweb.org/conference/iswc/2004,Tutorial Organizer,1,0,,,,,0,,,,0
Aditya Kalyanpur,http://data.semanticweb.org/person/aditya-kalyanpur,http://data.semanticweb.org/conference/iswc/2004,,0,1,,,,,0,,,,0
Adrian Mocan,http://data.semanticweb.org/person/adrian-mocan,http://data.semanticweb.org/conference/iswc/2004,,0,1,,,,,0,,,,0
Agathe Merceron,http://data.semanticweb.org/person/agathe-merceron,http://data.semanticweb.org/conference/iswc/2004,,0,1,,,,,0,,,,0
Akifumi Kambara,http://data.semanticweb.org/person/akifumi-kambara,http://data.semanticweb.org/conference/iswc/2004,Local Organizing Committee Member,1,0,,,,,0,INTAP,INTAP,http://data.semanticweb.org/organization/intap,1
Akiko Inaba,http://data.semanticweb.org/person/akiko-inaba,http://data.semanticweb.org/conference/iswc/2004,Publicity Chair,1,0,,,,,0,Osaka University,Osaka University,http://data.semanticweb.org/organization/osaka-university,1
Akira Maeda,http://data.semanticweb.org/person/akira-maeda,http://data.semanticweb.org/conference/iswc/2004,Local Organizing Committee Member; Sponsor Chair,2,0,,,,,0,Hitachi,Hitachi,http://data.semanticweb.org/organization/hitachi,1
Alan Rector,http://data.semanticweb.org/person/alan-rector,http://data.semanticweb.org/conference/iswc/2004,PC member; Tutorial Organizer,2,2,,,,,0,University of Manchester,University of Manchester,http://data.semanticweb.org/organization/university-of-manchester,1
Aldo Gangemi,http://data.semanticweb.org/person/aldo-gangemi,http://data.semanticweb.org/conference/iswc/2004,PC member,1,0,,,,,0,CNR,CNR,http://data.semanticweb.org/organization/cnr,1
Aleksander Pivk,http://data.semanticweb.org/person/aleksander-pivk,http://data.semanticweb.org/conference/iswc/2004,,0,1,,,,,0,,,,0
Alexander Smirnov,http://data.semanticweb.org/person/alexander-smirnov,http://data.semanticweb.org/conference/iswc/2004,,0,1,,,,,0,,,,0
Alexandre Riazanov,http://data.semanticweb.org/person/alexandre-riazanov,http://data.semanticweb.org/conference/iswc/2004,,0,1,,,,,0,,,,0
Alon Halevy,http://data.semanticweb.org/person/alon-halevy,http://data.semanticweb.org/conference/iswc/2004,Senior PC member,1,1,,,,,0,University of Washington,University of Washington,http://data.semanticweb.org/organization/university-of-washington,1
Alun D. Preece,http://data.semanticweb.org/person/alun-d-preece,http://data.semanticweb.org/conference/iswc/2004,,0,1,,,,,0,,,,0
Alvis Cheuk M. Fong,http://data.semanticweb.org/person/alvis-cheuk-m-fong,http://data.semanticweb.org/conference/iswc/2004,,0,1,,,,,0,,,,0
An Hai Doan,http://data.semanticweb.org/person/an-hai-doan,http://data.semanticweb.org/conference/iswc/2004,PC member,1,0,,,,,0,University of Illinois at Urbana–Champaign,University of Illinois at Urbana–Champaign,http://data.semanticweb.org/organization/university-of-illinois-at-urbanachampaign,1
Andreas Eberhart,http://data.semanticweb.org/person/andreas-eberhart,http://data.semanticweb.org/conference/iswc/2004,PC member,1,2,,,,,0,Karlsruhe Institute of Technology,Karlsruhe Institute of Technology,http://data.semanticweb.org/organization/karlsruhe-institute-of-technology,1
Andreas Heß,http://data.semanticweb.org/person/andreas-he,http://data.semanticweb.org/conference/iswc/2004,,0,2,,,,,0,,,,0
Andrew Krizhanovsky,http://data.semanticweb.org/person/andrew-krizhanovsky,http://data.semanticweb.org/conference/iswc/2004,,0,1,,,,,0,,,,0
Andrzej Skowron,http://data.semanticweb.org/person/andrzej-skowron,http://data.semanticweb.org/conference/iswc/2004,PC member,1,0,,,,,0,University of Warsaw,University of Warsaw,http://data.semanticweb.org/organization/university-of-warsaw,1
Andrzej Uszok,http://data.semanticweb.org/person/andrzej-uszok,http://data.semanticweb.org/conference/iswc/2004,PC member,1,2,,,,,0,Florida Institute for Human and Machine Cognition,Florida Institute for Human and Machine Cognition,http://data.semanticweb.org/organization/florida-institute-for-human-and-machine-cognition,1
Andy Seaborne,http://data.semanticweb.org/person/andy-seaborne,http://data.semanticweb.org/conference/iswc/2004,,0,1,,,,,0,,,,0
Angel Lopez-Cima,http://data.semanticweb.org/person/angel-lopez-cima,http://data.semanticweb.org/conference/iswc/2004,,0,1,,,,,0,,,,0
Anna Sinopalnikova,http://data.semanticweb.org/person/anna-sinopalnikova,http://data.semanticweb.org/conference/iswc/2004,,0,1,,,,,0,,,,0
Anupam Joshi,http://data.semanticweb.org/person/anupam-joshi,http://data.semanticweb.org/conference/iswc/2004,PC member,1,0,,,,,0,"University of Maryland, Baltimore County","University of Maryland, Baltimore County",http://data.semanticweb.org/organization/university-of-maryland-baltimore-county,1
Arjohn Kampman,http://data.semanticweb.org/person/arjohn-kampman,http://data.semanticweb.org/conference/iswc/2004,,0,1,,,,,0,,,,0
Armin Haller,http://data.semanticweb.org/person/armin-haller,http://data.semanticweb.org/conference/iswc/2004,,0,1,,,,,0,,,,0
Asunciòn Gomez-Perez,http://data.semanticweb.org/person/asuncion-gomez-perez,http://data.semanticweb.org/conference/iswc/2004,PC member,1,2,,,,,0,Technical University of Madrid,Technical University of Madrid,http://data.semanticweb.org/organization/technical-university-of-madrid,1
Atanas Kiryakov,http://data.semanticweb.org/person/atanas-kiryakov,http://data.semanticweb.org/conference/iswc/2004,PC member,1,1,,,,,0,"Sirma AI, Ltd.","Sirma AI, Ltd.",http://data.semanticweb.org/organization/sirma-ai-ltd,1
Austin Tate,http://data.semanticweb.org/person/austin-tate,http://data.semanticweb.org/conference/iswc/2004,,0,1,,,,,0,,,,0
Ayomi Bandara,http://data.semanticweb.org/person/ayomi-bandara,http://data.semanticweb.org/conference/iswc/2004,,0,1,,,,,0,,,,0
B Joyner,http://data.semanticweb.org/person/b-joyner,http://data.semanticweb.org/conference/iswc/2004,,0,1,,,,,0,,,,0
B Kershaw,http://data.semanticweb.org/person/b-kershaw,http://data.semanticweb.org/conference/iswc/2004,,0,1,,,,,0,,,,0
Benjamin Grosof,http://data.semanticweb.org/person/benjamin-grosof,http://data.semanticweb.org/conference/iswc/2004,Senior PC member; Tutorial Organizer,2,1,,,,,0,Massachusetts Institute of Technology,Massachusetts Institute of Technology,http://data.semanticweb.org/organization/massachusetts-institute-of-technology,1
Bernardo Cuenca Grau,http://data.semanticweb.org/person/bernardo-cuenca-grau,http://data.semanticweb.org/conference/iswc/2004,,0,1,,,,,0,,,,0
Bernd Amann,http://data.semanticweb.org/person/bernd-amann,http://data.semanticweb.org/conference/iswc/2004,PC member,1,0,,,,,0,CNAM,CNAM,http://data.semanticweb.org/organization/cnam,1
Bijan Parsia,http://data.semanticweb.org/person/bijan-parsia,http://data.semanticweb.org/conference/iswc/2004,PC member,1,6,,,,,0,"University of Maryland, College Park","University of Maryland, College Park",http://data.semanticweb.org/organization/university-of-maryland-college-park,1
Björn Schnizler,http://data.semanticweb.org/person/bjoern-schnizler,http://data.semanticweb.org/conference/iswc/2004,,0,1,,,,,0,,,,0
Bob J. Wielinga,http://data.semanticweb.org/person/bob-j-wielinga,http://data.semanticweb.org/conference/iswc/2004,,0,1,,,,,0,,,,0
Boi Faltings,http://data.semanticweb.org/person/boi-faltings,http://data.semanticweb.org/conference/iswc/2004,PC member,1,3,,,,,0,EPFL,EPFL,http://data.semanticweb.org/organization/epfl,1
Boris Katz,http://data.semanticweb.org/person/boris-katz,http://data.semanticweb.org/conference/iswc/2004,Senior PC member,1,0,,,,,0,Massachusetts Institute of Technology,Massachusetts Institute of Technology,http://data.semanticweb.org/organization/massachusetts-institute-of-technology,1
Boris Motik,http://data.semanticweb.org/person/boris-motik,http://data.semanticweb.org/conference/iswc/2004,,0,1,,,,,0,,,,0
Borislav Popov,http://data.semanticweb.org/person/borislav-popov,http://data.semanticweb.org/conference/iswc/2004,,0,1,,,,,0,,,,0
Bradley R. Bebee,http://data.semanticweb.org/person/bradley-r-bebee,http://data.semanticweb.org/conference/iswc/2004,,0,1,,,,,0,,,,0
Brian McBride,http://data.semanticweb.org/person/brian-mcbride,http://data.semanticweb.org/conference/iswc/2004,PC member,1,0,,,,,0,Hewlett-Packard,Hewlett-Packard,http://data.semanticweb.org/organization/hewlett-packard,1
Bruce Spencer,http://data.semanticweb.org/person/bruce-spencer,http://data.semanticweb.org/conference/iswc/2004,,0,2,,,,,0,,,,0
Bryan B. Thompson,http://data.semanticweb.org/person/bryan-b-thompson,http://data.semanticweb.org/conference/iswc/2004,,0,1,,,,,0,,,,0
Carlos Oliveira,http://data.semanticweb.org/person/carlos-oliveira,http://data.semanticweb.org/conference/iswc/2004,,0,1,,,,,0,,,,0
Carole A. Goble,http://data.semanticweb.org/person/carole-a-goble,http://data.semanticweb.org/conference/iswc/2004,Senior PC member,1,2,,,,,0,University of Manchester,University of Manchester,http://data.semanticweb.org/organization/university-of-manchester,1
Carsten Ullrich,http://data.semanticweb.org/person/carsten-ullrich,http://data.semanticweb.org/conference/iswc/2004,,0,2,,,,,0,,,,0
Catherine Call,http://data.semanticweb.org/person/catherine-call,http://data.semanticweb.org/conference/iswc/2004,,0,1,,,,,0,,,,0
Chantal Reynaud,http://data.semanticweb.org/person/chantal-reynaud,http://data.semanticweb.org/conference/iswc/2004,PC member,1,0,,,,,0,University of Orsay,University of Orsay,http://data.semanticweb.org/organization/university-of-orsay,1
Chen Li,http://data.semanticweb.org/person/chen-li,http://data.semanticweb.org/conference/iswc/2004,PC member,1,0,,,,,0,"University of California, Irvine","University of California, Irvine",http://data.semanticweb.org/organization/university-of-california-irvine,1
Cheng-Zen Yang,http://data.semanticweb.org/person/cheng-zen-yang,http://data.semanticweb.org/conference/iswc/2004,,0,1,,,,,0,,,,0
Chenxi Lin,http://data.semanticweb.org/person/chenxi-lin,http://data.semanticweb.org/conference/iswc/2004,,0,1,,,,,0,,,,0
Chiara Ghidini,http://data.semanticweb.org/person/chiara-ghidini,http://data.semanticweb.org/conference/iswc/2004,Workshop Chair,1,0,,,,,0,,,,0
Chris Preist,http://data.semanticweb.org/person/chris-preist,http://data.semanticweb.org/conference/iswc/2004,,0,1,,,,,0,,,,0
Chris Walton,http://data.semanticweb.org/person/chris-walton,http://data.semanticweb.org/conference/iswc/2004,,0,1,,,,,0,,,,0
Chris Welty,http://data.semanticweb.org/person/chris-welty,http://data.semanticweb.org/conference/iswc/2004,PC member,1,0,,,,,0,IBM Thomas J. Watson Research Center,IBM Thomas J. Watson Research Center,http://data.semanticweb.org/organization/ibm-thomas-j-watson-research-center,1
Chris Wroe,http://data.semanticweb.org/person/chris-wroe,http://data.semanticweb.org/conference/iswc/2004,,0,1,,,,,0,,,,0
Christian Bizer,http://data.semanticweb.org/person/christian-bizer,http://data.semanticweb.org/conference/iswc/2004,,0,1,,,,,0,,,,0
Christo Dichev,http://data.semanticweb.org/person/christo-dichev,http://data.semanticweb.org/conference/iswc/2004,,0,1,,,,,0,,,,0
Christoph Bussler,http://data.semanticweb.org/person/christoph-bussler,http://data.semanticweb.org/conference/iswc/2004,Tutorial Organizer,1,0,,,,,0,,,,0
Christoph Tempich,http://data.semanticweb.org/person/christoph-tempich,http://data.semanticweb.org/conference/iswc/2004,,0,1,,,,,0,,,,0
Christoph Wieser,http://data.semanticweb.org/person/christoph-wieser,http://data.semanticweb.org/conference/iswc/2004,,0,1,,,,,0,,,,0
Christopher J. Matheus,http://data.semanticweb.org/person/christopher-j-matheus,http://data.semanticweb.org/conference/iswc/2004,,0,2,,,,,0,,,,0
Chun-Lin Fan,http://data.semanticweb.org/person/chun-lin-fan,http://data.semanticweb.org/conference/iswc/2004,,0,1,,,,,0,,,,0
Ciaran MacDonaill,http://data.semanticweb.org/person/ciaran-macdonaill,http://data.semanticweb.org/conference/iswc/2004,,0,1,,,,,0,,,,0
Claudio Gutiérrez,http://data.semanticweb.org/person/claudio-gutierrez,http://data.semanticweb.org/conference/iswc/2004,,0,1,,,,,0,,,,0
Cormac Twomey,http://data.semanticweb.org/person/cormac-twomey,http://data.semanticweb.org/conference/iswc/2004,,0,1,,,,,0,,,,0
Craig Knoblock,http://data.semanticweb.org/person/craig-knoblock,http://data.semanticweb.org/conference/iswc/2004,Senior PC member,1,0,,,,,0,University of Southern California,University of Southern California,http://data.semanticweb.org/organization/university-of-southern-california,1
D. Plexousakis,http://data.semanticweb.org/person/d-plexousakis,http://data.semanticweb.org/conference/iswc/2004,Chair,1,0,,,,,0,,,,0
Dae Woo Choi,http://data.semanticweb.org/person/dae-woo-choi,http://data.semanticweb.org/conference/iswc/2004,,0,1,,,,,0,,,,0
Daisuke Kanjo,http://data.semanticweb.org/person/daisuke-kanjo,http://data.semanticweb.org/conference/iswc/2004,,0,1,,,,,0,,,,0
Daisuke Yamamoto,http://data.semanticweb.org/person/daisuke-yamamoto,http://data.semanticweb.org/conference/iswc/2004,,0,1,,,,,0,,,,0
Damian Gessler,http://data.semanticweb.org/person/damian-gessler,http://data.semanticweb.org/conference/iswc/2004,,0,1,,,,,0,,,,0
Damyan Ognyanoff,http://data.semanticweb.org/person/damyan-ognyanoff,http://data.semanticweb.org/conference/iswc/2004,,0,1,,,,,0,,,,0
Dan Vodislav,http://data.semanticweb.org/person/dan-vodislav,http://data.semanticweb.org/conference/iswc/2004,PC member,1,0,,,,,0,CNAM,CNAM,http://data.semanticweb.org/organization/cnam,1
Dana Florescu,http://data.semanticweb.org/person/dana-florescu,http://data.semanticweb.org/conference/iswc/2004,PC member,1,0,,,,,0,"BEA Systems, Inc.","BEA Systems, Inc.",http://data.semanticweb.org/organization/bea-systems-inc,1
Dana S. Nau,http://data.semanticweb.org/person/dana-s-nau,http://data.semanticweb.org/conference/iswc/2004,,0,1,,,,,0,,,,0
Daniel C. Berrios,http://data.semanticweb.org/person/daniel-c-berrios,http://data.semanticweb.org/conference/iswc/2004,,0,1,,,,,0,,,,0
Daniel Elenius,http://data.semanticweb.org/person/daniel-elenius,http://data.semanticweb.org/conference/iswc/2004,,0,1,,,,,0,,,,0
Daniela Florescu,http://data.semanticweb.org/person/daniela-florescu,http://data.semanticweb.org/conference/iswc/2004,Tutorial Organizer,1,0,,,,,0,,,,0
Darina Dicheva,http://data.semanticweb.org/person/darina-dicheva,http://data.semanticweb.org/conference/iswc/2004,Workshop Chair,1,1,,,,,0,,,,0
Darren Marvin,http://data.semanticweb.org/person/darren-marvin,http://data.semanticweb.org/conference/iswc/2004,,0,1,,,,,0,,,,0
David Karger,http://data.semanticweb.org/person/david-karger,http://data.semanticweb.org/conference/iswc/2004,,0,1,,,,,0,,,,0
David Kinny,http://data.semanticweb.org/person/david-kinny,http://data.semanticweb.org/conference/iswc/2004,PC member,1,0,,,,,0,Agentis Software,Agentis Software,http://data.semanticweb.org/organization/agentis-software,1
David Martin,http://data.semanticweb.org/person/david-martin,http://data.semanticweb.org/conference/iswc/2004,PC member; Workshop Chair,2,1,,,,,0,SRI International,SRI International,http://data.semanticweb.org/organization/sri-international,1
David O'Sullivan,http://data.semanticweb.org/person/david-osullivan,http://data.semanticweb.org/conference/iswc/2004,,0,1,,,,,0,,,,0
David Price,http://data.semanticweb.org/person/david-price,http://data.semanticweb.org/conference/iswc/2004,,0,1,,,,,0,,,,0
David R. Hall,http://data.semanticweb.org/person/david-r-hall,http://data.semanticweb.org/conference/iswc/2004,,0,1,,,,,0,,,,0
David Roure,http://data.semanticweb.org/person/david-roure,http://data.semanticweb.org/conference/iswc/2004,,0,1,,,,,0,,,,0
David W. Walker,http://data.semanticweb.org/person/david-w-walker,http://data.semanticweb.org/conference/iswc/2004,,0,1,,,,,0,,,,0
Dean Allemang,http://data.semanticweb.org/person/dean-allemang,http://data.semanticweb.org/conference/iswc/2004,Industrial Track Chair,1,1,,,,,0,TopQuadrant Inc.,TopQuadrant Inc.,http://data.semanticweb.org/organization/topquadrant-inc,1
Deborah McGuinness,http://data.semanticweb.org/person/deborah-mcguinness,http://data.semanticweb.org/conference/iswc/2004,Senior PC member,1,1,,,,,0,Stanford University,Stanford University,http://data.semanticweb.org/organization/stanford-university,1
Denilson Sell,http://data.semanticweb.org/person/denilson-sell,http://data.semanticweb.org/conference/iswc/2004,,0,1,,,,,0,,,,0
Dennis Quan,http://data.semanticweb.org/person/dennis-quan,http://data.semanticweb.org/conference/iswc/2004,,0,2,,,,,0,,,,0
Diana Maynard,http://data.semanticweb.org/person/diana-maynard,http://data.semanticweb.org/conference/iswc/2004,PC member,1,0,,,,,0,University of Sheffield,University of Sheffield,http://data.semanticweb.org/organization/university-of-sheffield,1
Diego Calvanese,http://data.semanticweb.org/person/diego-calvanese,http://data.semanticweb.org/conference/iswc/2004,PC member,1,0,,,,,0,Free University of Bozen-Bolzano,Free University of Bozen-Bolzano,http://data.semanticweb.org/organization/free-university-of-bozen-bolzano,1
Dimitar Manov,http://data.semanticweb.org/person/dimitar-manov,http://data.semanticweb.org/conference/iswc/2004,,0,1,,,,,0,,,,0
Dimitri Konstantas,http://data.semanticweb.org/person/dimitri-konstantas,http://data.semanticweb.org/conference/iswc/2004,,0,1,,,,,0,,,,0
Dimitris Kotzinos,http://data.semanticweb.org/person/dimitris-kotzinos,http://data.semanticweb.org/conference/iswc/2004,,0,1,,,,,0,,,,0
Dimitris Plexousakis,http://data.semanticweb.org/person/dimitris-plexousakis,http://data.semanticweb.org/conference/iswc/2004,Program Chair,1,0,,,,,0,University of Crete,University of Crete,http://data.semanticweb.org/organization/university-of-crete,1
Djamel Zighed,http://data.semanticweb.org/person/djamel-zighed,http://data.semanticweb.org/conference/iswc/2004,PC member,1,0,,,,,0,University of Lyon,University of Lyon,http://data.semanticweb.org/organization/university-of-lyon,1
Dmitry Tsarkov,http://data.semanticweb.org/person/dmitry-tsarkov,http://data.semanticweb.org/conference/iswc/2004,,0,1,,,,,0,,,,0
Donald Kossman,http://data.semanticweb.org/person/donald-kossman,http://data.semanticweb.org/conference/iswc/2004,Tutorial Organizer,1,0,,,,,0,,,,0
Drew McDermott,http://data.semanticweb.org/person/drew-mcdermott,http://data.semanticweb.org/conference/iswc/2004,PC member,1,0,,,,,0,Yale University,Yale University,http://data.semanticweb.org/organization/yale-university,1
Duncan Hull,http://data.semanticweb.org/person/duncan-hull,http://data.semanticweb.org/conference/iswc/2004,,0,1,,,,,0,,,,0
E. Cusenza,http://data.semanticweb.org/person/e-cusenza,http://data.semanticweb.org/conference/iswc/2004,,0,1,,,,,0,,,,0
Eamonn McQuade,http://data.semanticweb.org/person/eamonn-mcquade,http://data.semanticweb.org/conference/iswc/2004,,0,1,,,,,0,,,,0
Eddie Johnston,http://data.semanticweb.org/person/eddie-johnston,http://data.semanticweb.org/conference/iswc/2004,,0,1,,,,,0,,,,0
Edgard Costa Oliveira,http://data.semanticweb.org/person/edgard-costa-oliveira,http://data.semanticweb.org/conference/iswc/2004,,0,1,,,,,0,,,,0
Edward Feigenbaum,http://data.semanticweb.org/person/edward-feigenbaum,http://data.semanticweb.org/conference/iswc/2004,Speaker,1,0,,,,,0,,,,0
Eero Hyvönen,http://data.semanticweb.org/person/eero-hyvoenen,http://data.semanticweb.org/conference/iswc/2004,,0,2,,,,,0,,,,0
Eetu Mäkelä,http://data.semanticweb.org/person/eetu-maekelae,http://data.semanticweb.org/conference/iswc/2004,,0,2,,,,,0,,,,0
Enrico Motta,http://data.semanticweb.org/person/enrico-motta,http://data.semanticweb.org/conference/iswc/2004,,0,3,,,,,0,The Open University,The Open University,http://data.semanticweb.org/organization/the-open-university,1
Enrique Alfonseca,http://data.semanticweb.org/person/enrique-alfonseca,http://data.semanticweb.org/conference/iswc/2004,,0,2,,,,,0,,,,0
Evren Sirin,http://data.semanticweb.org/person/evren-sirin,http://data.semanticweb.org/conference/iswc/2004,,0,5,,,,,0,,,,0
Farshad Hakimpour,http://data.semanticweb.org/person/farshad-hakimpour,http://data.semanticweb.org/conference/iswc/2004,,0,1,,,,,0,,,,0
Fausto Giunchiglia,http://data.semanticweb.org/person/fausto-giunchiglia,http://data.semanticweb.org/conference/iswc/2004,PC member,1,1,,,,,0,University of Trento,University of Trento,http://data.semanticweb.org/organization/university-of-trento,1
Fereidoon Sadri,http://data.semanticweb.org/person/fereidoon-sadri,http://data.semanticweb.org/conference/iswc/2004,PC member,1,0,,,,,0,University of North Carolina,University of North Carolina,http://data.semanticweb.org/organization/university-of-north-carolina,1
Floriana Esposito,http://data.semanticweb.org/person/floriana-esposito,http://data.semanticweb.org/conference/iswc/2004,,0,1,,,,,0,,,,0
Francois Bry,http://data.semanticweb.org/person/francois-bry,http://data.semanticweb.org/conference/iswc/2004,PC member,1,1,,,,,0,Ludwig Maximilian University of Munich,Ludwig Maximilian University of Munich,http://data.semanticweb.org/organization/ludwig-maximilian-university-of-munich,1
Frank McCabe,http://data.semanticweb.org/person/frank-mccabe,http://data.semanticweb.org/conference/iswc/2004,PC member,1,0,,,,,0,Fujitsu,Fujitsu,http://data.semanticweb.org/organization/fujitsu,1
Frank van Harmelen,http://data.semanticweb.org/person/frank-van-harmelen,http://data.semanticweb.org/conference/iswc/2004,Chair; Conference Chair,2,1,,,,,0,VU University Amsterdam,VU University Amsterdam,http://data.semanticweb.org/organization/vu-university-amsterdam,1
Fumihiro Kato,http://data.semanticweb.org/person/fumihiro-kato,http://data.semanticweb.org/conference/iswc/2004,,0,1,,,,,0,,,,0
Gary Clemo,http://data.semanticweb.org/person/gary-clemo,http://data.semanticweb.org/conference/iswc/2004,,0,1,,,,,0,,,,0
Gary S. Schiltz,http://data.semanticweb.org/person/gary-s-schiltz,http://data.semanticweb.org/conference/iswc/2004,,0,1,,,,,0,,,,0
Geert-Jan Houben,http://data.semanticweb.org/person/geert-jan-houben,http://data.semanticweb.org/conference/iswc/2004,Tutorial Organizer,1,0,,,,,0,,,,0
Georg Gottlob,http://data.semanticweb.org/person/georg-gottlob,http://data.semanticweb.org/conference/iswc/2004,,0,1,,,,,0,,,,0
Georg Lausen,http://data.semanticweb.org/person/georg-lausen,http://data.semanticweb.org/conference/iswc/2004,PC member,1,0,,,,,0,University of Freiburg,University of Freiburg,http://data.semanticweb.org/organization/university-of-freiburg,1
Gerd Stumme,http://data.semanticweb.org/person/gerd-stumme,http://data.semanticweb.org/conference/iswc/2004,PC member,1,0,,,,,0,University of Kassel,University of Kassel,http://data.semanticweb.org/organization/university-of-kassel,1
Gerd Wagner,http://data.semanticweb.org/person/gerd-wagner,http://data.semanticweb.org/conference/iswc/2004,,0,1,,,,,0,,,,0
Gerhard Weiss,http://data.semanticweb.org/person/gerhard-weiss,http://data.semanticweb.org/conference/iswc/2004,,0,1,,,,,0,,,,0
Gianluca Tonti,http://data.semanticweb.org/person/gianluca-tonti,http://data.semanticweb.org/conference/iswc/2004,,0,1,,,,,0,,,,0
Giovanni Semeraro,http://data.semanticweb.org/person/giovanni-semeraro,http://data.semanticweb.org/conference/iswc/2004,,0,1,,,,,0,,,,0
Gregory Cobena,http://data.semanticweb.org/person/gregory-cobena,http://data.semanticweb.org/conference/iswc/2004,PC member,1,0,,,,,0,Xyleme,Xyleme,http://data.semanticweb.org/organization/xyleme,1
Grigoris Antoniou,http://data.semanticweb.org/person/grigoris-antoniou,http://data.semanticweb.org/conference/iswc/2004,PC member; Workshop Chair,2,1,,,,,0,FORTH-ICS,FORTH-ICS,http://data.semanticweb.org/organization/forth-ics,1
Grit Denker,http://data.semanticweb.org/person/grit-denker,http://data.semanticweb.org/conference/iswc/2004,PC member,1,2,,,,,0,SRI International,SRI International,http://data.semanticweb.org/organization/sri-international,1
Guizhen Yang,http://data.semanticweb.org/person/guizhen-yang,http://data.semanticweb.org/conference/iswc/2004,PC member,1,0,,,,,0,University at Buffalo,University at Buffalo,http://data.semanticweb.org/organization/university-at-buffalo,1
Gunnar Aastrand Grimnes,http://data.semanticweb.org/person/gunnar-aastrand-grimnes,http://data.semanticweb.org/conference/iswc/2004,,0,1,,,,,0,,,,0
Guoton Xie,http://data.semanticweb.org/person/guoton-xie,http://data.semanticweb.org/conference/iswc/2004,,0,1,,,,,0,,,,0
Guus Schreiber,http://data.semanticweb.org/person/guus-schreiber,http://data.semanticweb.org/conference/iswc/2004,Senior PC member; Tutorial Organizer,2,1,,,,,0,VU University Amsterdam,VU University Amsterdam,http://data.semanticweb.org/organization/vu-university-amsterdam,1
Hai Wang,http://data.semanticweb.org/person/hai-wang,http://data.semanticweb.org/conference/iswc/2004,,0,1,,,,,0,,,,0
Haibo Yu,http://data.semanticweb.org/person/haibo-yu,http://data.semanticweb.org/conference/iswc/2004,,0,1,,,,,0,,,,0
Hamish Cunningham,http://data.semanticweb.org/person/hamish-cunningham,http://data.semanticweb.org/conference/iswc/2004,Senior PC member,1,0,,,,,0,University of Sheffield,University of Sheffield,http://data.semanticweb.org/organization/university-of-sheffield,1
Harith Alani,http://data.semanticweb.org/person/harith-alani,http://data.semanticweb.org/conference/iswc/2004,,0,1,,,,,0,,,,0
Harold Boley,http://data.semanticweb.org/person/harold-boley,http://data.semanticweb.org/conference/iswc/2004,Workshop Chair,1,0,,,,,0,,,,0
Hasan Davulcu,http://data.semanticweb.org/person/hasan-davulcu,http://data.semanticweb.org/conference/iswc/2004,PC member,1,0,,,,,0,Arizona State University,Arizona State University,http://data.semanticweb.org/organization/arizona-state-university,1
Heikki Helin,http://data.semanticweb.org/person/heikki-helin,http://data.semanticweb.org/conference/iswc/2004,,0,1,,,,,0,,,,0
Heiner Stuckenschmidt,http://data.semanticweb.org/person/heiner-stuckenschmidt,http://data.semanticweb.org/conference/iswc/2004,PC member; Tutorial Organizer,2,1,,,,,0,VU University Amsterdam,VU University Amsterdam,http://data.semanticweb.org/organization/vu-university-amsterdam,1
Henryk Rybinski,http://data.semanticweb.org/person/henryk-rybinski,http://data.semanticweb.org/conference/iswc/2004,PC member,1,0,,,,,0,Warsaw University of Technology,Warsaw University of Technology,http://data.semanticweb.org/organization/warsaw-university-of-technology,1
Herman J. ter Horst,http://data.semanticweb.org/person/herman-j-ter-horst,http://data.semanticweb.org/conference/iswc/2004,PC member,1,1,,,,,0,Philips Research,Philips Research,http://data.semanticweb.org/organization/philips-research,1
Hideaki Takeda,http://data.semanticweb.org/person/hideaki-takeda,http://data.semanticweb.org/conference/iswc/2004,Local Organizing Committee Member; Senior PC member,2,3,,,,,0,National Institute of Informatics,National Institute of Informatics,http://data.semanticweb.org/organization/national-institute-of-informatics,1
Hideo Shimazu,http://data.semanticweb.org/person/hideo-shimazu,http://data.semanticweb.org/conference/iswc/2004,Local Organizing Committee Member,1,0,,,,,0,NEC,NEC,http://data.semanticweb.org/organization/nec,1
Hirokazu Taki,http://data.semanticweb.org/person/hirokazu-taki,http://data.semanticweb.org/conference/iswc/2004,,0,1,,,,,0,,,,0
Hiroki Uematsu,http://data.semanticweb.org/person/hiroki-uematsu,http://data.semanticweb.org/conference/iswc/2004,,0,1,,,,,0,,,,0
Hiroshi Tsuda,http://data.semanticweb.org/person/hiroshi-tsuda,http://data.semanticweb.org/conference/iswc/2004,Local Organizing Committee Member; Exhibition Chair,2,0,,,,,0,"Information Technology Media Laboratories, Fujitsu Laboratories","Information Technology Media Laboratories, Fujitsu Laboratories; Fujitsu",http://data.semanticweb.org/organization/information-technology-media-laboratories-fujitsu-laboratories; http://data.semanticweb.org/organization/fujitsu,2
Holger Knublauch,http://data.semanticweb.org/person/holger-knublauch,http://data.semanticweb.org/conference/iswc/2004,Tutorial Organizer,1,3,,,,,0,,,,0
Ian B. Sturken,http://data.semanticweb.org/person/ian-b-sturken,http://data.semanticweb.org/conference/iswc/2004,,0,1,,,,,0,,,,0
Ian Dickinson,http://data.semanticweb.org/person/ian-dickinson,http://data.semanticweb.org/conference/iswc/2004,PC member,1,0,,,,,0,Hewlett-Packard,Hewlett-Packard,http://data.semanticweb.org/organization/hewlett-packard,1
Ian Horrocks,http://data.semanticweb.org/person/ian-horrocks,http://data.semanticweb.org/conference/iswc/2004,Senior PC member,1,1,,,,,0,University of Manchester,University of Manchester,http://data.semanticweb.org/organization/university-of-manchester,1
Ignazio Palmisano,http://data.semanticweb.org/person/ignazio-palmisano,http://data.semanticweb.org/conference/iswc/2004,,0,1,,,,,0,,,,0
Ikki Ohmukai,http://data.semanticweb.org/person/ikki-ohmukai,http://data.semanticweb.org/conference/iswc/2004,,0,3,,,,,0,,,,0
Ina O' Murchu,http://data.semanticweb.org/person/ina-o-murchu,http://data.semanticweb.org/conference/iswc/2004,,0,1,,,,,0,,,,0
Ing-Xiang Chen,http://data.semanticweb.org/person/ing-xiang-chen,http://data.semanticweb.org/conference/iswc/2004,,0,1,,,,,0,,,,0
Ioannis Vlahavas,http://data.semanticweb.org/person/ioannis-vlahavas,http://data.semanticweb.org/conference/iswc/2004,,0,1,,,,,0,,,,0
Ion Constantinescu,http://data.semanticweb.org/person/ion-constantinescu,http://data.semanticweb.org/conference/iswc/2004,,0,2,,,,,0,,,,0
Irene Polikoff,http://data.semanticweb.org/person/irene-polikoff,http://data.semanticweb.org/conference/iswc/2004,,0,1,,,,,0,,,,0
Isabel F. Cruz,http://data.semanticweb.org/person/isabel-f-cruz,http://data.semanticweb.org/conference/iswc/2004,PC member,1,0,,,,,0,University of Illinois at Chicago,University of Illinois at Chicago,http://data.semanticweb.org/organization/university-of-illinois-at-chicago,1
Ivan Terziev,http://data.semanticweb.org/person/ivan-terziev,http://data.semanticweb.org/conference/iswc/2004,,0,1,,,,,0,,,,0
Jacques-Albert De Blasio,http://data.semanticweb.org/person/jacques-albert-de-blasio,http://data.semanticweb.org/conference/iswc/2004,,0,1,,,,,0,,,,0
James Hendler,http://data.semanticweb.org/person/james-hendler,http://data.semanticweb.org/conference/iswc/2004,,0,2,,,,,0,,,,0
Jan Wielemaker,http://data.semanticweb.org/person/jan-wielemaker,http://data.semanticweb.org/conference/iswc/2004,,0,1,,,,,0,,,,0
Jane Hunter,http://data.semanticweb.org/person/jane-hunter,http://data.semanticweb.org/conference/iswc/2004,PC member,1,1,,,,,0,University of Queensland,University of Queensland,http://data.semanticweb.org/organization/university-of-queensland,1
Jean Francois Baget,http://data.semanticweb.org/person/jean-francois-baget,http://data.semanticweb.org/conference/iswc/2004,PC member,1,0,,,,,0,INRIA Rhône-Alpes,INRIA Rhône-Alpes,http://data.semanticweb.org/organization/inria-rhone-alpes,1
Jeen Broekstra,http://data.semanticweb.org/person/jeen-broekstra,http://data.semanticweb.org/conference/iswc/2004,Tutorial Organizer,1,3,,,,,0,,,,0
Jeff Dalton,http://data.semanticweb.org/person/jeff-dalton,http://data.semanticweb.org/conference/iswc/2004,,0,1,,,,,0,,,,0
Jeff Heflin,http://data.semanticweb.org/person/jeff-heflin,http://data.semanticweb.org/conference/iswc/2004,PC member,1,2,,,,,0,Lehigh University,Lehigh University,http://data.semanticweb.org/organization/lehigh-university,1
Jeffrey M. Bradshaw,http://data.semanticweb.org/person/jeffrey-m-bradshaw,http://data.semanticweb.org/conference/iswc/2004,PC member,1,2,,,,,0,Florida Institute for Human and Machine Cognition,Florida Institute for Human and Machine Cognition,http://data.semanticweb.org/organization/florida-institute-for-human-and-machine-cognition,1
Jeffrey T. Pollock,http://data.semanticweb.org/person/jeffrey-t-pollock,http://data.semanticweb.org/conference/iswc/2004,,0,1,,,,,0,,,,0
Jennifer Golbeck,http://data.semanticweb.org/person/jennifer-golbeck,http://data.semanticweb.org/conference/iswc/2004,Workshop Chair,1,0,,,,,0,,,,0
Jeremy Carroll,http://data.semanticweb.org/person/jeremy-carroll,http://data.semanticweb.org/conference/iswc/2004,Posters Chair,1,0,,,,,0,HP Labs Bristol,HP Labs Bristol,http://data.semanticweb.org/organization/hp-labs-bristol,1
Jerome Euzenat,http://data.semanticweb.org/person/jerome-euzenat,http://data.semanticweb.org/conference/iswc/2004,Senior PC member; Workshop Chair,2,1,,,,,0,INRIA Rhône-Alpes,INRIA Rhône-Alpes,http://data.semanticweb.org/organization/inria-rhone-alpes,1
Jerzy Letkowski,http://data.semanticweb.org/person/jerzy-letkowski,http://data.semanticweb.org/conference/iswc/2004,,0,1,,,,,0,,,,0
Jesús Contreras,http://data.semanticweb.org/person/jesus-contreras,http://data.semanticweb.org/conference/iswc/2004,,0,1,,,,,0,,,,0
Jie Bao,http://data.semanticweb.org/person/jie-bao,http://data.semanticweb.org/conference/iswc/2004,,0,1,,,,,0,Iowa State University,Iowa State University,http://data.semanticweb.org/organization/iowa-state-university,1
Jing Lu,http://data.semanticweb.org/person/jing-lu,http://data.semanticweb.org/conference/iswc/2004,,0,1,,,,,0,,,,0
Jinwook Choi,http://data.semanticweb.org/person/jinwook-choi,http://data.semanticweb.org/conference/iswc/2004,,0,1,,,,,0,,,,0
John Breslin,http://data.semanticweb.org/person/john-breslin,http://data.semanticweb.org/conference/iswc/2004,,0,1,,,,,0,,,,0
John Domingue,http://data.semanticweb.org/person/john-domingue,http://data.semanticweb.org/conference/iswc/2004,PC member; Tutorial Organizer,2,3,,,,,0,The Open University,The Open University,http://data.semanticweb.org/organization/the-open-university,1
John Mylopoulos,http://data.semanticweb.org/person/john-mylopoulos,http://data.semanticweb.org/conference/iswc/2004,Senior PC member,1,0,,,,,0,University of Toronto,University of Toronto,http://data.semanticweb.org/organization/university-of-toronto,1
Jonathan Hayes,http://data.semanticweb.org/person/jonathan-hayes,http://data.semanticweb.org/conference/iswc/2004,,0,1,,,,,0,,,,0
José Gonçalves Pereira Filho,http://data.semanticweb.org/person/jose-goncalves-pereira-filho,http://data.semanticweb.org/conference/iswc/2004,,0,1,,,,,0,,,,0
Jose Luis Ambite,http://data.semanticweb.org/person/jose-luis-ambite,http://data.semanticweb.org/conference/iswc/2004,PC member,1,0,,,,,0,ISI/USC,ISI/USC,http://data.semanticweb.org/organization/isiusc,1
José Manuel López Cobo,http://data.semanticweb.org/person/jose-manuel-lopez-cobo,http://data.semanticweb.org/conference/iswc/2004,,0,1,,,,,0,,,,0
Jun-ichi Akahani,http://data.semanticweb.org/person/jun-ichi-akahani,http://data.semanticweb.org/conference/iswc/2004,Local Organizing Committee Member; Industrial Track Chair,2,1,,,,,0,NTT,NTT,http://data.semanticweb.org/organization/ntt,1
Jun-ichi Tsujii,http://data.semanticweb.org/person/jun-ichi-tsujii,http://data.semanticweb.org/conference/iswc/2004,Local Organizing Committee Member,1,0,,,,,0,University of Tokyo,University of Tokyo,http://data.semanticweb.org/organization/university-of-tokyo,1
Jun Zhao,http://data.semanticweb.org/person/jun-zhao,http://data.semanticweb.org/conference/iswc/2004,,0,1,,,,,0,,,,0
Jun'ichi Nakamura,http://data.semanticweb.org/person/junichi-nakamura,http://data.semanticweb.org/conference/iswc/2004,,0,1,,,,,0,,,,0
Junichiro Mori,http://data.semanticweb.org/person/junichiro-mori,http://data.semanticweb.org/conference/iswc/2004,,0,1,,,,,0,,,,0
Jurek Letkowski,http://data.semanticweb.org/person/jurek-letkowski,http://data.semanticweb.org/conference/iswc/2004,,0,1,,,,,0,,,,0
Kalid Askar,http://data.semanticweb.org/person/kalid-askar,http://data.semanticweb.org/conference/iswc/2004,,0,1,,,,,0,,,,0
Kalina Bontcheva,http://data.semanticweb.org/person/kalina-bontcheva,http://data.semanticweb.org/conference/iswc/2004,PC member,1,0,,,,,0,University of Sheffield,University of Sheffield,http://data.semanticweb.org/organization/university-of-sheffield,1
Kaoru Hiramatsu,http://data.semanticweb.org/person/kaoru-hiramatsu,http://data.semanticweb.org/conference/iswc/2004,Workshop Chair,1,1,,,,,0,,,,0
Karl Aberer,http://data.semanticweb.org/person/karl-aberer,http://data.semanticweb.org/conference/iswc/2004,PC member,1,1,,,,,0,EPFL,EPFL,http://data.semanticweb.org/organization/epfl,1
Katashi Nagao,http://data.semanticweb.org/person/katashi-nagao,http://data.semanticweb.org/conference/iswc/2004,Local Organizing Committee Member,1,2,,,,,0,Nagoya University,Nagoya University,http://data.semanticweb.org/organization/nagoya-university,1
Katia Sycara,http://data.semanticweb.org/person/katia-sycara,http://data.semanticweb.org/conference/iswc/2004,Senior PC member; Tutorial Organizer,2,2,,,,,0,Carnegie Mellon University,Carnegie Mellon University,http://data.semanticweb.org/organization/carnegie-mellon-university,1
Katsuhiko Kaji,http://data.semanticweb.org/person/katsuhiko-kaji,http://data.semanticweb.org/conference/iswc/2004,,0,1,,,,,0,,,,0
Katsumi Tanaka,http://data.semanticweb.org/person/katsumi-tanaka,http://data.semanticweb.org/conference/iswc/2004,,0,1,,,,,0,,,,0
Kazuhiro Kitagawa,http://data.semanticweb.org/person/kazuhiro-kitagawa,http://data.semanticweb.org/conference/iswc/2004,,0,1,,,,,0,,,,0
Kazuhiro Kuwabara,http://data.semanticweb.org/person/kazuhiro-kuwabara,http://data.semanticweb.org/conference/iswc/2004,,0,1,,,,,0,,,,0
Kazuo Asakawa,http://data.semanticweb.org/person/kazuo-asakawa,http://data.semanticweb.org/conference/iswc/2004,Local Organizing Committee Member,1,0,,,,,0,"Information Technology Media Laboratories, Fujitsu Laboratories","Information Technology Media Laboratories, Fujitsu Laboratories",http://data.semanticweb.org/organization/information-technology-media-laboratories-fujitsu-laboratories,1
Kazuo Sumita,http://data.semanticweb.org/person/kazuo-sumita,http://data.semanticweb.org/conference/iswc/2004,Local Organizing Committee Member,1,0,,,,,0,Toshiba,Toshiba,http://data.semanticweb.org/organization/toshiba,1
Keith J. Swanson,http://data.semanticweb.org/person/keith-j-swanson,http://data.semanticweb.org/conference/iswc/2004,,0,1,,,,,0,,,,0
Ken Kuriyama,http://data.semanticweb.org/person/ken-kuriyama,http://data.semanticweb.org/conference/iswc/2004,Local Organizing Committee Member,1,0,,,,,0,Gakken,Gakken,http://data.semanticweb.org/organization/gakken,1
Kendall Clark,http://data.semanticweb.org/person/kendall-clark,http://data.semanticweb.org/conference/iswc/2004,,0,1,,,,,0,,,,0
Kenneth Baclawski,http://data.semanticweb.org/person/kenneth-baclawski,http://data.semanticweb.org/conference/iswc/2004,,0,2,,,,,0,,,,0
Kevin Wilkinson,http://data.semanticweb.org/person/kevin-wilkinson,http://data.semanticweb.org/conference/iswc/2004,PC member,1,0,,,,,0,Hewlett Packard Laboratories,Hewlett Packard Laboratories,http://data.semanticweb.org/organization/hewlett-packard-laboratories,1
Kewei Tu,http://data.semanticweb.org/person/kewei-tu,http://data.semanticweb.org/conference/iswc/2004,,0,1,,,,,0,,,,0
Kim Viljanen,http://data.semanticweb.org/person/kim-viljanen,http://data.semanticweb.org/conference/iswc/2004,,0,2,,,,,0,,,,0
Kiyoshi Hara,http://data.semanticweb.org/person/kiyoshi-hara,http://data.semanticweb.org/conference/iswc/2004,Local Organizing Committee Member,1,0,,,,,0,"Nihon Unisys , Ltd.","Nihon Unisys , Ltd.",http://data.semanticweb.org/organization/nihon-unisys-ltd,1
Kiyoshi Kogure,http://data.semanticweb.org/person/kiyoshi-kogure,http://data.semanticweb.org/conference/iswc/2004,Local Organizing Committee Member,1,0,,,,,0,ATR Intelligent Robotics and Communication Laboratories,ATR Intelligent Robotics and Communication Laboratories,http://data.semanticweb.org/organization/atr-intelligent-robotics-and-communication-laboratories,1
Kiyoshi Yasuda,http://data.semanticweb.org/person/kiyoshi-yasuda,http://data.semanticweb.org/conference/iswc/2004,,0,1,,,,,0,,,,0
Koiti Hasida,http://data.semanticweb.org/person/koiti-hasida,http://data.semanticweb.org/conference/iswc/2004,Local Organizing Committee Member,1,1,,,,,0,National Insititute of Advanced Industrial Science and Technology (Japan),National Insititute of Advanced Industrial Science and Technology (Japan),http://data.semanticweb.org/organization/national-insititute-of-advanced-industrial-science-and-technology-japan,1
Kosuke Numa,http://data.semanticweb.org/person/kosuke-numa,http://data.semanticweb.org/conference/iswc/2004,,0,3,,,,,0,,,,0
L Miller,http://data.semanticweb.org/person/l-miller,http://data.semanticweb.org/conference/iswc/2004,,0,1,,,,,0,,,,0
Lars E. Olson,http://data.semanticweb.org/person/lars-e-olson,http://data.semanticweb.org/conference/iswc/2004,,0,1,,,,,0,,,,0
Lars Ludwig,http://data.semanticweb.org/person/lars-ludwig,http://data.semanticweb.org/conference/iswc/2004,,0,1,,,,,0,,,,0
Lars Marius Garshol,http://data.semanticweb.org/person/lars-marius-garshol,http://data.semanticweb.org/conference/iswc/2004,Tutorial Organizer,1,1,,,,,0,,,,0
Lei Zhang,http://data.semanticweb.org/person/lei-zhang,http://data.semanticweb.org/conference/iswc/2004,,0,1,,,,,0,,,,0
Leo Sauermann,http://data.semanticweb.org/person/leo-sauermann,http://data.semanticweb.org/conference/iswc/2004,,0,2,,,,,0,,,,0
Li-Chia Kuo,http://data.semanticweb.org/person/li-chia-kuo,http://data.semanticweb.org/conference/iswc/2004,,0,1,,,,,0,,,,0
Liliana Cabral,http://data.semanticweb.org/person/liliana-cabral,http://data.semanticweb.org/conference/iswc/2004,Tutorial Organizer,1,1,,,,,0,,,,0
Lincoln Stein,http://data.semanticweb.org/person/lincoln-stein,http://data.semanticweb.org/conference/iswc/2004,,0,1,,,,,0,,,,0
Lora Aroyo,http://data.semanticweb.org/person/lora-aroyo,http://data.semanticweb.org/conference/iswc/2004,Workshop Chair,1,0,,,,,0,,,,0
Lucas McDowell,http://data.semanticweb.org/person/lucas-mcdowell,http://data.semanticweb.org/conference/iswc/2004,PC member,1,0,,,,,0,University of Washington,University of Washington,http://data.semanticweb.org/organization/university-of-washington,1
Luciano Serafini,http://data.semanticweb.org/person/luciano-serafini,http://data.semanticweb.org/conference/iswc/2004,Workshop Chair,1,0,,,,,0,,,,0
Luigi Iannone,http://data.semanticweb.org/person/luigi-iannone,http://data.semanticweb.org/conference/iswc/2004,,0,1,,,,,0,,,,0
Luís Ferreira Pires,http://data.semanticweb.org/person/luis-ferreira-pires,http://data.semanticweb.org/conference/iswc/2004,,0,1,,,,,0,,,,0
Luis Sánchez-Fernández,http://data.semanticweb.org/person/luis-sanchez-fernandez,http://data.semanticweb.org/conference/iswc/2004,,0,1,,,,,0,,,,0
Luiz Olavo Bonino da Silva Santos,http://data.semanticweb.org/person/luiz-olavo-bonino-da-silva-santos,http://data.semanticweb.org/conference/iswc/2004,,0,1,,,,,0,,,,0
Luke McDowell,http://data.semanticweb.org/person/luke-mcdowell,http://data.semanticweb.org/conference/iswc/2004,,0,1,,,,,0,,,,0
Lynn Andrea Stein,http://data.semanticweb.org/person/lynn-andrea-stein,http://data.semanticweb.org/conference/iswc/2004,PC member,1,0,,,,,0,Franklin W. Olin College of Engineering,Franklin W. Olin College of Engineering,http://data.semanticweb.org/organization/franklin-w-olin-college-of-engineering,1
Maarten de Rijke,http://data.semanticweb.org/person/maarten-de-rijke,http://data.semanticweb.org/conference/iswc/2004,,0,1,,,,,0,,,,0
Maarten Marx,http://data.semanticweb.org/person/maarten-marx,http://data.semanticweb.org/conference/iswc/2004,,0,1,,,,,0,,,,0
Maarten R. Menken,http://data.semanticweb.org/person/maarten-r-menken,http://data.semanticweb.org/conference/iswc/2004,,0,2,,,,,0,,,,0
Maciej Zaremba,http://data.semanticweb.org/person/maciej-zaremba,http://data.semanticweb.org/conference/iswc/2004,,0,1,,,,,0,,,,0
Makoto Amamiya,http://data.semanticweb.org/person/makoto-amamiya,http://data.semanticweb.org/conference/iswc/2004,,0,1,,,,,0,,,,0
Mamede Lima-Marques,http://data.semanticweb.org/person/mamede-lima-marques,http://data.semanticweb.org/conference/iswc/2004,,0,1,,,,,0,,,,0
Manfred Hauswirth,http://data.semanticweb.org/person/manfred-hauswirth,http://data.semanticweb.org/conference/iswc/2004,,0,1,,,,,0,,,,0
Manolis Koubarakis,http://data.semanticweb.org/person/manolis-koubarakis,http://data.semanticweb.org/conference/iswc/2004,PC member,1,0,,,,,0,Technical University of Crete,Technical University of Crete,http://data.semanticweb.org/organization/technical-university-of-crete,1
Manuel Lama,http://data.semanticweb.org/person/manuel-lama,http://data.semanticweb.org/conference/iswc/2004,,0,1,,,,,0,,,,0
Marc Ehrig,http://data.semanticweb.org/person/marc-ehrig,http://data.semanticweb.org/conference/iswc/2004,,0,2,,,,,0,,,,0
Marco Neumann,http://data.semanticweb.org/person/marco-neumann,http://data.semanticweb.org/conference/iswc/2004,,0,1,,,,,0,,,,0
Marco Pistore,http://data.semanticweb.org/person/marco-pistore,http://data.semanticweb.org/conference/iswc/2004,,0,2,,,,,0,,,,0
Marcos Niño,http://data.semanticweb.org/person/marcos-nino,http://data.semanticweb.org/conference/iswc/2004,,0,1,,,,,0,,,,0
Marcus Herzog,http://data.semanticweb.org/person/marcus-herzog,http://data.semanticweb.org/conference/iswc/2004,,0,1,,,,,0,,,,0
Maria Ruiz-Casado,http://data.semanticweb.org/person/maria-ruiz-casado,http://data.semanticweb.org/conference/iswc/2004,,0,1,,,,,0,,,,0
Marianne Winslett,http://data.semanticweb.org/person/marianne-winslett,http://data.semanticweb.org/conference/iswc/2004,Workshop Chair,1,0,,,,,0,,,,0
Mariano Rico,http://data.semanticweb.org/person/mariano-rico,http://data.semanticweb.org/conference/iswc/2004,,0,1,,,,,0,,,,0
Marie-Christine Rousset,http://data.semanticweb.org/person/marie-christine-rousset,http://data.semanticweb.org/conference/iswc/2004,PC member; Speaker,2,1,,,,,0,University of Orsay,University of Orsay,http://data.semanticweb.org/organization/university-of-orsay,1
Mariusz Olko,http://data.semanticweb.org/person/mariusz-olko,http://data.semanticweb.org/conference/iswc/2004,,0,1,,,,,0,,,,0
Marja-Riitta Koivunen,http://data.semanticweb.org/person/marja-riitta-koivunen,http://data.semanticweb.org/conference/iswc/2004,,0,1,,,,,0,,,,0
Mark A. Musen,http://data.semanticweb.org/person/mark-a-musen,http://data.semanticweb.org/conference/iswc/2004,PC member; Tutorial Organizer,2,4,,,,,0,Stanford University,Stanford University,http://data.semanticweb.org/organization/stanford-university,1
Mark Burstein,http://data.semanticweb.org/person/mark-burstein,http://data.semanticweb.org/conference/iswc/2004,PC member,1,0,,,,,0,BBN Technologies,BBN Technologies,http://data.semanticweb.org/organization/bbn-technologies,1
Mark D. Wilkinson,http://data.semanticweb.org/person/mark-d-wilkinson,http://data.semanticweb.org/conference/iswc/2004,,0,1,,,,,0,,,,0
Mark Dougherty,http://data.semanticweb.org/person/mark-dougherty,http://data.semanticweb.org/conference/iswc/2004,,0,1,,,,,0,,,,0
Mark Roantree,http://data.semanticweb.org/person/mark-roantree,http://data.semanticweb.org/conference/iswc/2004,PC member,1,0,,,,,0,Dublin City University,Dublin City University,http://data.semanticweb.org/organization/dublin-city-university,1
Mark van Assem,http://data.semanticweb.org/person/mark-van-assem,http://data.semanticweb.org/conference/iswc/2004,,0,1,,,,,0,,,,0
Marko Grobelnik,http://data.semanticweb.org/person/marko-grobelnik,http://data.semanticweb.org/conference/iswc/2004,PC member,1,0,,,,,0,IJS,IJS,http://data.semanticweb.org/organization/ijs,1
Marta Sabou,http://data.semanticweb.org/person/marta-sabou,http://data.semanticweb.org/conference/iswc/2004,,0,1,,,,,0,,,,0
Marten van Sinderen,http://data.semanticweb.org/person/marten-van-sinderen,http://data.semanticweb.org/conference/iswc/2004,,0,1,,,,,0,,,,0
Martin Dzbor,http://data.semanticweb.org/person/martin-dzbor,http://data.semanticweb.org/conference/iswc/2004,,0,2,,,,,0,,,,0
Martin Lorenz,http://data.semanticweb.org/person/martin-lorenz,http://data.semanticweb.org/conference/iswc/2004,,0,1,,,,,0,,,,0
Martin Povolný,http://data.semanticweb.org/person/martin-povolny,http://data.semanticweb.org/conference/iswc/2004,,0,1,,,,,0,,,,0
Masahiro Hamasaki,http://data.semanticweb.org/person/masahiro-hamasaki,http://data.semanticweb.org/conference/iswc/2004,,0,2,,,,,0,,,,0
Masahiro Hori,http://data.semanticweb.org/person/masahiro-hori,http://data.semanticweb.org/conference/iswc/2004,PC member; Local Organizing Committee Member,2,0,,,,,0,Kansai University,Kansai University,http://data.semanticweb.org/organization/kansai-university,1
Masaki Matsudaira,http://data.semanticweb.org/person/masaki-matsudaira,http://data.semanticweb.org/conference/iswc/2004,PC member,1,0,,,,,0,Open Knowledge Initiative,Open Knowledge Initiative,http://data.semanticweb.org/organization/open-knowledge-initiative,1
Masanori Kawamura,http://data.semanticweb.org/person/masanori-kawamura,http://data.semanticweb.org/conference/iswc/2004,,0,1,,,,,0,,,,0
Masataka Takeuchi,http://data.semanticweb.org/person/masataka-takeuchi,http://data.semanticweb.org/conference/iswc/2004,,0,1,,,,,0,,,,0
Massimo Paolucci,http://data.semanticweb.org/person/massimo-paolucci,http://data.semanticweb.org/conference/iswc/2004,PC member; Sponsor Chair,2,2,,,,,0,Carnegie Mellon University,Carnegie Mellon University,http://data.semanticweb.org/organization/carnegie-mellon-university,1
Matthew Horridge,http://data.semanticweb.org/person/matthew-horridge,http://data.semanticweb.org/conference/iswc/2004,,0,1,,,,,0,,,,0
Matthew Moran,http://data.semanticweb.org/person/matthew-moran,http://data.semanticweb.org/conference/iswc/2004,Tutorial Organizer,1,2,,,,,0,,,,0
Matthias De Geyter,http://data.semanticweb.org/person/matthias-de-geyter,http://data.semanticweb.org/conference/iswc/2004,,0,1,,,,,0,,,,0
Matthias Klusch,http://data.semanticweb.org/person/matthias-klusch,http://data.semanticweb.org/conference/iswc/2004,PC member,1,0,,,,,0,Deutsches Forschungszentrum für Künstliche Intelligenz (DFKI),Deutsches Forschungszentrum für Künstliche Intelligenz (DFKI),http://data.semanticweb.org/organization/deutsches-forschungszentrum-fuer-kuenstliche-intelligenz-dfki,1
Matthias Nickles,http://data.semanticweb.org/person/matthias-nickles,http://data.semanticweb.org/conference/iswc/2004,,0,1,,,,,0,,,,0
Michael Gruninger,http://data.semanticweb.org/person/michael-gruninger,http://data.semanticweb.org/conference/iswc/2004,PC member,1,0,,,,,0,NIST,NIST,http://data.semanticweb.org/organization/nist,1
Michael Huhns,http://data.semanticweb.org/person/michael-huhns,http://data.semanticweb.org/conference/iswc/2004,PC member,1,0,,,,,0,University of South Carolina,University of South Carolina,http://data.semanticweb.org/organization/university-of-south-carolina,1
Michael Pashkin,http://data.semanticweb.org/person/michael-pashkin,http://data.semanticweb.org/conference/iswc/2004,,0,1,,,,,0,,,,0
Michael Sintek,http://data.semanticweb.org/person/michael-sintek,http://data.semanticweb.org/conference/iswc/2004,PC member,1,1,,,,,0,Deutsches Forschungszentrum für Künstliche Intelligenz (DFKI),Deutsches Forschungszentrum für Künstliche Intelligenz (DFKI),http://data.semanticweb.org/organization/deutsches-forschungszentrum-fuer-kuenstliche-intelligenz-dfki,1
Michael Stollberg,http://data.semanticweb.org/person/michael-stollberg,http://data.semanticweb.org/conference/iswc/2004,Tutorial Organizer,1,2,,,,,0,,,,0
Michael Wooldridge,http://data.semanticweb.org/person/michael-wooldridge,http://data.semanticweb.org/conference/iswc/2004,PC member,1,0,,,,,0,University of Liverpool,University of Liverpool,http://data.semanticweb.org/organization/university-of-liverpool,1
Michael Zaremba,http://data.semanticweb.org/person/michael-zaremba,http://data.semanticweb.org/conference/iswc/2004,Tutorial Organizer,1,0,,,,,0,,,,0
Michal Plechawski,http://data.semanticweb.org/person/michal-plechawski,http://data.semanticweb.org/conference/iswc/2004,,0,1,,,,,0,,,,0
Michal Zaremba,http://data.semanticweb.org/person/michal-zaremba,http://data.semanticweb.org/conference/iswc/2004,,0,1,,,,,0,,,,0
Michel Klein,http://data.semanticweb.org/person/michel-klein,http://data.semanticweb.org/conference/iswc/2004,Semantic Web Challenge Chair,1,2,,,,,0,VU University Amsterdam,VU University Amsterdam,http://data.semanticweb.org/organization/vu-university-amsterdam,1
Michel Scholl,http://data.semanticweb.org/person/michel-scholl,http://data.semanticweb.org/conference/iswc/2004,Senior PC member,1,1,,,,,0,CNAM,CNAM,http://data.semanticweb.org/organization/cnam,1
Michihiro Yamamoto,http://data.semanticweb.org/person/michihiro-yamamoto,http://data.semanticweb.org/conference/iswc/2004,,0,1,,,,,0,,,,0
Michiyasu Hiramatsu,http://data.semanticweb.org/person/michiyasu-hiramatsu,http://data.semanticweb.org/conference/iswc/2004,,0,1,,,,,0,,,,0
Mieczyslaw Kokar,http://data.semanticweb.org/person/mieczyslaw-kokar,http://data.semanticweb.org/conference/iswc/2004,,0,1,,,,,0,,,,0
Mihhail Matskin,http://data.semanticweb.org/person/mihhail-matskin,http://data.semanticweb.org/conference/iswc/2004,PC member,1,0,,,,,0,KTH,KTH,http://data.semanticweb.org/organization/kth,1
Mike Dean,http://data.semanticweb.org/person/mike-dean,http://data.semanticweb.org/conference/iswc/2004,PC member; Tutorial Organizer,2,0,,,,,0,BBN Technologies,BBN Technologies,http://data.semanticweb.org/organization/bbn-technologies,1
Mike Surridge,http://data.semanticweb.org/person/mike-surridge,http://data.semanticweb.org/conference/iswc/2004,,0,1,,,,,0,,,,0
Mikko Apiola,http://data.semanticweb.org/person/mikko-apiola,http://data.semanticweb.org/conference/iswc/2004,,0,1,,,,,0,,,,0
Mikko Laukkanen,http://data.semanticweb.org/person/mikko-laukkanen,http://data.semanticweb.org/conference/iswc/2004,,0,2,,,,,0,,,,0
MingChuan Guo,http://data.semanticweb.org/person/mingchuan-guo,http://data.semanticweb.org/conference/iswc/2004,,0,1,,,,,0,,,,0
Mirko Horstmann,http://data.semanticweb.org/person/mirko-horstmann,http://data.semanticweb.org/conference/iswc/2004,,0,1,,,,,0,,,,0
Mitch M. Kokar,http://data.semanticweb.org/person/mitch-m-kokar,http://data.semanticweb.org/conference/iswc/2004,,0,1,,,,,0,,,,0
Mitsuru Ikeda,http://data.semanticweb.org/person/mitsuru-ikeda,http://data.semanticweb.org/conference/iswc/2004,Local Organizing Committee Member,1,1,,,,,0,Japan Advanced Institute of Science and Technology,Japan Advanced Institute of Science and Technology,http://data.semanticweb.org/organization/japan-advanced-institute-of-science-and-technology,1
Mitsuru Ishizuka,http://data.semanticweb.org/person/mitsuru-ishizuka,http://data.semanticweb.org/conference/iswc/2004,,0,2,,,,,0,,,,0
Mohand Said Hacid,http://data.semanticweb.org/person/mohand-said-hacid,http://data.semanticweb.org/conference/iswc/2004,PC member,1,0,,,,,0,Claude Bernard University Lyon 1,Claude Bernard University Lyon 1,http://data.semanticweb.org/organization/claude-bernard-university-lyon-1,1
Monique Calisti,http://data.semanticweb.org/person/monique-calisti,http://data.semanticweb.org/conference/iswc/2004,Workshop Chair,1,0,,,,,0,,,,0
Naoki Fukuta,http://data.semanticweb.org/person/naoki-fukuta,http://data.semanticweb.org/conference/iswc/2004,,0,1,,,,,0,,,,0
Naoki Sugiura,http://data.semanticweb.org/person/naoki-sugiura,http://data.semanticweb.org/conference/iswc/2004,,0,1,,,,,0,,,,0
Natalya Noy,http://data.semanticweb.org/person/natalya-noy,http://data.semanticweb.org/conference/iswc/2004,Workshop Chair; Tutorial Organizer,2,4,,,,,0,Stanford University,Stanford University,http://data.semanticweb.org/organization/stanford-university,1
Naveen Srinivasan,http://data.semanticweb.org/person/naveen-srinivasan,http://data.semanticweb.org/conference/iswc/2004,,0,1,,,,,0,,,,0
Ng S. T. Chong,http://data.semanticweb.org/person/ng-s-t-chong,http://data.semanticweb.org/conference/iswc/2004,,0,1,,,,,0,,,,0
Nicholas Kushmerick,http://data.semanticweb.org/person/nicholas-kushmerick,http://data.semanticweb.org/conference/iswc/2004,,0,2,,,,,0,,,,0
Nick Bassiliades,http://data.semanticweb.org/person/nick-bassiliades,http://data.semanticweb.org/conference/iswc/2004,,0,1,,,,,0,,,,0
Nick Drummond,http://data.semanticweb.org/person/nick-drummond,http://data.semanticweb.org/conference/iswc/2004,,0,1,,,,,0,,,,0
Nick Kushmerick,http://data.semanticweb.org/person/nick-kushmerick,http://data.semanticweb.org/conference/iswc/2004,Senior PC member,1,0,,,,,0,University of Dublin,University of Dublin,http://data.semanticweb.org/organization/university-of-dublin,1
Nicola Fanizzi,http://data.semanticweb.org/person/nicola-fanizzi,http://data.semanticweb.org/conference/iswc/2004,,0,1,,,,,0,,,,0
Nicola Guarino,http://data.semanticweb.org/person/nicola-guarino,http://data.semanticweb.org/conference/iswc/2004,PC member,1,0,,,,,0,CNR,CNR,http://data.semanticweb.org/organization/cnr,1
Nigel Collier,http://data.semanticweb.org/person/nigel-collier,http://data.semanticweb.org/conference/iswc/2004,PC member; Local Organizing Committee Member,2,0,,,,,0,National Institute of Informatics,National Institute of Informatics,http://data.semanticweb.org/organization/national-institute-of-informatics,1
Nigel R Shadbolt,http://data.semanticweb.org/person/nigel-r-shadbolt,http://data.semanticweb.org/conference/iswc/2004,PC member,1,0,,,,,0,University of Southampton,University of Southampton,http://data.semanticweb.org/organization/university-of-southampton,1
Nikolai Chilov,http://data.semanticweb.org/person/nikolai-chilov,http://data.semanticweb.org/conference/iswc/2004,,0,1,,,,,0,,,,0
Nikolaos Athanasis,http://data.semanticweb.org/person/nikolaos-athanasis,http://data.semanticweb.org/conference/iswc/2004,,0,1,,,,,0,,,,0
Ning Zhong,http://data.semanticweb.org/person/ning-zhong,http://data.semanticweb.org/conference/iswc/2004,PC member; Local Organizing Committee Member,2,0,,,,,0,Maebashi Institute of Technology,Maebashi Institute of Technology,http://data.semanticweb.org/organization/maebashi-institute-of-technology,1
Nobuji Tetsutani,http://data.semanticweb.org/person/nobuji-tetsutani,http://data.semanticweb.org/conference/iswc/2004,,0,1,,,,,0,,,,0
Nobuo Saito,http://data.semanticweb.org/person/nobuo-saito,http://data.semanticweb.org/conference/iswc/2004,,0,1,,,,,0,,,,0
Nobuo Saitoh,http://data.semanticweb.org/person/nobuo-saitoh,http://data.semanticweb.org/conference/iswc/2004,Local Organizing Committee Member,1,0,,,,,0,Keio University,Keio University,http://data.semanticweb.org/organization/keio-university,1
Norberto Fernández-García,http://data.semanticweb.org/person/norberto-fernandez-garcia,http://data.semanticweb.org/conference/iswc/2004,,0,1,,,,,0,,,,0
Noriaki Izumi,http://data.semanticweb.org/person/noriaki-izumi,http://data.semanticweb.org/conference/iswc/2004,Local Organizing Committee Member,1,1,,,,,0,National Insititute of Advanced Industrial Science and Technology (Japan),National Insititute of Advanced Industrial Science and Technology (Japan),http://data.semanticweb.org/organization/national-insititute-of-advanced-industrial-science-and-technology-japan,1
Noriaki Kuwahara,http://data.semanticweb.org/person/noriaki-kuwahara,http://data.semanticweb.org/conference/iswc/2004,,0,1,,,,,0,,,,0
Norihiro Abe,http://data.semanticweb.org/person/norihiro-abe,http://data.semanticweb.org/conference/iswc/2004,,0,1,,,,,0,,,,0
Noritada Shimizu,http://data.semanticweb.org/person/noritada-shimizu,http://data.semanticweb.org/conference/iswc/2004,,0,1,,,,,0,,,,0
Noriyuki Matsuda,http://data.semanticweb.org/person/noriyuki-matsuda,http://data.semanticweb.org/conference/iswc/2004,,0,1,,,,,0,,,,0
Norman Sadeh,http://data.semanticweb.org/person/norman-sadeh,http://data.semanticweb.org/conference/iswc/2004,PC member,1,0,,,,,0,Carnegie Mellon University,Carnegie Mellon University,http://data.semanticweb.org/organization/carnegie-mellon-university,1
Olaf Noppens,http://data.semanticweb.org/person/olaf-noppens,http://data.semanticweb.org/conference/iswc/2004,,0,2,,,,,0,,,,0
Oliver Bolzer,http://data.semanticweb.org/person/oliver-bolzer,http://data.semanticweb.org/conference/iswc/2004,,0,1,,,,,0,,,,0
Ora Lassila,http://data.semanticweb.org/person/ora-lassila,http://data.semanticweb.org/conference/iswc/2004,PC member,1,0,,,,,0,Nokia Research,Nokia Research,http://data.semanticweb.org/organization/nokia-research,1
Oren Etzioni,http://data.semanticweb.org/person/oren-etzioni,http://data.semanticweb.org/conference/iswc/2004,Senior PC member,1,1,,,,,0,University of Washington,University of Washington,http://data.semanticweb.org/organization/university-of-washington,1
Oscar Corcho,http://data.semanticweb.org/person/oscar-corcho,http://data.semanticweb.org/conference/iswc/2004,PC member; Workshop Chair,2,1,,,,,0,"iSOCO, S.A.","iSOCO, S.A.",http://data.semanticweb.org/organization/isoco-sa,1
P. Bertoli,http://data.semanticweb.org/person/p-bertoli,http://data.semanticweb.org/conference/iswc/2004,,0,1,,,,,0,,,,0
P. Traverso,http://data.semanticweb.org/person/p-traverso,http://data.semanticweb.org/conference/iswc/2004,,0,1,,,,,0,,,,0
Pablo Castells,http://data.semanticweb.org/person/pablo-castells,http://data.semanticweb.org/conference/iswc/2004,,0,2,,,,,0,,,,0
Pang-Hsiang Lo,http://data.semanticweb.org/person/pang-hsiang-lo,http://data.semanticweb.org/conference/iswc/2004,,0,1,,,,,0,,,,0
Paolo Bouquet,http://data.semanticweb.org/person/paolo-bouquet,http://data.semanticweb.org/conference/iswc/2004,PC member; Workshop Chair,2,0,,,,,0,University of Trento,University of Trento,http://data.semanticweb.org/organization/university-of-trento,1
Paolo Castagna,http://data.semanticweb.org/person/paolo-castagna,http://data.semanticweb.org/conference/iswc/2004,,0,1,,,,,0,,,,0
Paolo Traverso,http://data.semanticweb.org/person/paolo-traverso,http://data.semanticweb.org/conference/iswc/2004,,0,1,,,,,0,,,,0
Paul A. Kogut,http://data.semanticweb.org/person/paul-a-kogut,http://data.semanticweb.org/conference/iswc/2004,,0,1,,,,,0,,,,0
Paul Buitelaar,http://data.semanticweb.org/person/paul-buitelaar,http://data.semanticweb.org/conference/iswc/2004,,0,2,,,,,0,,,,0
Paulo Pinheiro da Silva,http://data.semanticweb.org/person/paulo-pinheiro-da-silva,http://data.semanticweb.org/conference/iswc/2004,PC member,1,1,,,,,0,Stanford University,Stanford University,http://data.semanticweb.org/organization/stanford-university,1
Pavel Shvaiko,http://data.semanticweb.org/person/pavel-shvaiko,http://data.semanticweb.org/conference/iswc/2004,,0,1,,,,,0,,,,0
Pavel Smrž,http://data.semanticweb.org/person/pavel-smrz,http://data.semanticweb.org/conference/iswc/2004,,0,1,,,,,0,,,,0
Pavlos Moraitis,http://data.semanticweb.org/person/pavlos-moraitis,http://data.semanticweb.org/conference/iswc/2004,PC member,1,0,,,,,0,University of Cyprus,University of Cyprus,http://data.semanticweb.org/organization/university-of-cyprus,1
Pawel Pyszlak,http://data.semanticweb.org/person/pawel-pyszlak,http://data.semanticweb.org/conference/iswc/2004,,0,1,,,,,0,,,,0
Peter Edwards,http://data.semanticweb.org/person/peter-edwards,http://data.semanticweb.org/conference/iswc/2004,,0,1,,,,,0,,,,0
Peter F. Patel-Schneider,http://data.semanticweb.org/person/peter-f-patel-schneider,http://data.semanticweb.org/conference/iswc/2004,PC member,1,0,,,,,0,Bell Labs,Bell Labs,http://data.semanticweb.org/organization/bell-labs,1
Peter Haase,http://data.semanticweb.org/person/peter-haase,http://data.semanticweb.org/conference/iswc/2004,,0,2,,,,,0,,,,0
Peter Löffler,http://data.semanticweb.org/person/peter-loeffler,http://data.semanticweb.org/conference/iswc/2004,,0,1,,,,,0,,,,0
Peter Mika,http://data.semanticweb.org/person/peter-mika,http://data.semanticweb.org/conference/iswc/2004,,0,1,,,,,0,,,,0
Peter Soetens,http://data.semanticweb.org/person/peter-soetens,http://data.semanticweb.org/conference/iswc/2004,,0,1,,,,,0,,,,0
Peter Zugmann,http://data.semanticweb.org/person/peter-zugmann,http://data.semanticweb.org/conference/iswc/2004,,0,2,,,,,0,,,,0
Petri Lindgren,http://data.semanticweb.org/person/petri-lindgren,http://data.semanticweb.org/conference/iswc/2004,,0,1,,,,,0,,,,0
Philipp Cimiano,http://data.semanticweb.org/person/philipp-cimiano,http://data.semanticweb.org/conference/iswc/2004,,0,1,,,,,0,,,,0
Philippe Cudré-Mauroux,http://data.semanticweb.org/person/philippe-cudre-mauroux,http://data.semanticweb.org/conference/iswc/2004,,0,1,,,,,0,,,,0
Phillip W. Lord,http://data.semanticweb.org/person/phillip-w-lord,http://data.semanticweb.org/conference/iswc/2004,,0,1,,,,,0,,,,0
Piero Bonatti,http://data.semanticweb.org/person/piero-bonatti,http://data.semanticweb.org/conference/iswc/2004,Workshop Chair,1,0,,,,,0,,,,0
Pierre-Antoine Champin,http://data.semanticweb.org/person/pierre-antoine-champin,http://data.semanticweb.org/conference/iswc/2004,PC member,1,0,,,,,0,University of Lyon,University of Lyon,http://data.semanticweb.org/organization/university-of-lyon,1
R. Mark Greenwood,http://data.semanticweb.org/person/r-mark-greenwood,http://data.semanticweb.org/conference/iswc/2004,,0,1,,,,,0,,,,0
Rafael Gonzalez Cabero,http://data.semanticweb.org/person/rafael-gonzalez-cabero,http://data.semanticweb.org/conference/iswc/2004,,0,1,,,,,0,,,,0
Ramanathan Guha,http://data.semanticweb.org/person/ramanathan-guha,http://data.semanticweb.org/conference/iswc/2004,PC member,1,1,,,,,0,IBM,IBM,http://data.semanticweb.org/organization/ibm,1
Raphael Volz,http://data.semanticweb.org/person/raphael-volz,http://data.semanticweb.org/conference/iswc/2004,,0,3,,,,,0,,,,0
Ray W. Fergerson,http://data.semanticweb.org/person/ray-w-fergerson,http://data.semanticweb.org/conference/iswc/2004,,0,1,,,,,0,,,,0
Reinhold Herzog,http://data.semanticweb.org/person/reinhold-herzog,http://data.semanticweb.org/conference/iswc/2004,,0,2,,,,,0,,,,0
Renata Silva Souza Guizzardi,http://data.semanticweb.org/person/renata-silva-souza-guizzardi,http://data.semanticweb.org/conference/iswc/2004,,0,1,,,,,0,,,,0
Renia Jeffers,http://data.semanticweb.org/person/renia-jeffers,http://data.semanticweb.org/conference/iswc/2004,,0,2,,,,,0,,,,0
Richard Fikes,http://data.semanticweb.org/person/richard-fikes,http://data.semanticweb.org/conference/iswc/2004,PC member,1,1,,,,,0,Stanford University,Stanford University,http://data.semanticweb.org/organization/stanford-university,1
Richard M. Keller,http://data.semanticweb.org/person/richard-m-keller,http://data.semanticweb.org/conference/iswc/2004,,0,1,,,,,0,,,,0
Richard Vdovjak,http://data.semanticweb.org/person/richard-vdovjak,http://data.semanticweb.org/conference/iswc/2004,Tutorial Organizer,1,0,,,,,0,,,,0
Rick Hull,http://data.semanticweb.org/person/rick-hull,http://data.semanticweb.org/conference/iswc/2004,PC member,1,0,,,,,0,Bell Labs,Bell Labs,http://data.semanticweb.org/organization/bell-labs,1
Riichiro Mizoguchi,http://data.semanticweb.org/person/riichiro-mizoguchi,http://data.semanticweb.org/conference/iswc/2004,Local Organizing Committee Member; Workshop Chair; Local Chair,3,1,,,,,0,Osaka University,Osaka University,http://data.semanticweb.org/organization/osaka-university,1
Rob Bodington,http://data.semanticweb.org/person/rob-bodington,http://data.semanticweb.org/conference/iswc/2004,,0,1,,,,,0,,,,0
Rob McCool,http://data.semanticweb.org/person/rob-mccool,http://data.semanticweb.org/conference/iswc/2004,,0,1,,,,,0,,,,0
Robert Baumgartner,http://data.semanticweb.org/person/robert-baumgartner,http://data.semanticweb.org/conference/iswc/2004,,0,1,,,,,0,,,,0
Robert E. Carvalho,http://data.semanticweb.org/person/robert-e-carvalho,http://data.semanticweb.org/conference/iswc/2004,,0,1,,,,,0,,,,0
Robert MacGregor,http://data.semanticweb.org/person/robert-macgregor,http://data.semanticweb.org/conference/iswc/2004,PC member,1,0,,,,,0,ISI/USC,ISI/USC,http://data.semanticweb.org/organization/isiusc,1
Robert Stevens,http://data.semanticweb.org/person/robert-stevens,http://data.semanticweb.org/conference/iswc/2004,,0,2,,,,,0,,,,0
Roberto Tazzoli,http://data.semanticweb.org/person/roberto-tazzoli,http://data.semanticweb.org/conference/iswc/2004,,0,1,,,,,0,,,,0
Roger (Buzz) King,http://data.semanticweb.org/person/roger-buzz-king,http://data.semanticweb.org/conference/iswc/2004,PC member,1,0,,,,,0,University of Colorado,University of Colorado,http://data.semanticweb.org/organization/university-of-colorado,1
Ronald Ashri,http://data.semanticweb.org/person/ronald-ashri,http://data.semanticweb.org/conference/iswc/2004,,0,1,,,,,0,,,,0
Ronny Siebes,http://data.semanticweb.org/person/ronny-siebes,http://data.semanticweb.org/conference/iswc/2004,,0,1,,,,,0,,,,0
Rosen Marinov,http://data.semanticweb.org/person/rosen-marinov,http://data.semanticweb.org/conference/iswc/2004,,0,1,,,,,0,,,,0
Rubén Lara Hernández,http://data.semanticweb.org/person/ruben-lara-hernandez,http://data.semanticweb.org/conference/iswc/2004,Workshop Chair,1,0,,,,,0,,,,0
Rudi Studer,http://data.semanticweb.org/person/rudi-studer,http://data.semanticweb.org/conference/iswc/2004,Senior PC member,1,1,,,,,0,Karlsruhe Institute of Technology,Karlsruhe Institute of Technology,http://data.semanticweb.org/organization/karlsruhe-institute-of-technology,1
S Agarwal,http://data.semanticweb.org/person/s-agarwal,http://data.semanticweb.org/conference/iswc/2004,,0,1,,,,,0,,,,0
S. McIlraith,http://data.semanticweb.org/person/s-mcilraith,http://data.semanticweb.org/conference/iswc/2004,Chair,1,0,,,,,0,,,,0
S Price,http://data.semanticweb.org/person/s-price,http://data.semanticweb.org/conference/iswc/2004,,0,1,,,,,0,,,,0
Saartje Brockmans,http://data.semanticweb.org/person/saartje-brockmans,http://data.semanticweb.org/conference/iswc/2004,,0,1,,,,,0,,,,0
Sacha Berger,http://data.semanticweb.org/person/sacha-berger,http://data.semanticweb.org/conference/iswc/2004,,0,1,,,,,0,,,,0
Saeko Nomura,http://data.semanticweb.org/person/saeko-nomura,http://data.semanticweb.org/conference/iswc/2004,,0,1,,,,,0,,,,0
Said Tabet,http://data.semanticweb.org/person/said-tabet,http://data.semanticweb.org/conference/iswc/2004,PC member,1,0,,,,,0,Nisus Inc.,Nisus Inc.,http://data.semanticweb.org/organization/nisus-inc,1
Samppa Saarela,http://data.semanticweb.org/person/samppa-saarela,http://data.semanticweb.org/conference/iswc/2004,,0,2,,,,,0,,,,0
Sandhya Kunnatur,http://data.semanticweb.org/person/sandhya-kunnatur,http://data.semanticweb.org/conference/iswc/2004,,0,1,,,,,0,,,,0
Sandy Liu,http://data.semanticweb.org/person/sandy-liu,http://data.semanticweb.org/conference/iswc/2004,,0,2,,,,,0,,,,0
Sang-un Park,http://data.semanticweb.org/person/sang-un-park,http://data.semanticweb.org/conference/iswc/2004,,0,1,,,,,0,,,,0
Santtu Toivonen,http://data.semanticweb.org/person/santtu-toivonen,http://data.semanticweb.org/conference/iswc/2004,,0,1,,,,,0,,,,0
Satoshi Hori,http://data.semanticweb.org/person/satoshi-hori,http://data.semanticweb.org/conference/iswc/2004,,0,1,,,,,0,,,,0
Sean Bechhofer,http://data.semanticweb.org/person/sean-bechhofer,http://data.semanticweb.org/conference/iswc/2004,PC member,1,3,,,,,0,University of Manchester,University of Manchester,http://data.semanticweb.org/organization/university-of-manchester,1
Sebastian R. Kruk,http://data.semanticweb.org/person/sebastian-r-kruk,http://data.semanticweb.org/conference/iswc/2004,,0,1,,,,,0,,,,0
Sebastian Schaffert,http://data.semanticweb.org/person/sebastian-schaffert,http://data.semanticweb.org/conference/iswc/2004,,0,1,,,,,0,,,,0
Seiji Koide,http://data.semanticweb.org/person/seiji-koide,http://data.semanticweb.org/conference/iswc/2004,,0,1,,,,,0,,,,0
Sergey Melnik,http://data.semanticweb.org/person/sergey-melnik,http://data.semanticweb.org/conference/iswc/2004,PC member,1,0,,,,,0,Microsoft Research,Microsoft Research,http://data.semanticweb.org/organization/microsoft-research,1
Seung-Bin Han,http://data.semanticweb.org/person/seung-bin-han,http://data.semanticweb.org/conference/iswc/2004,,0,1,,,,,0,,,,0
Shalil Majithia,http://data.semanticweb.org/person/shalil-majithia,http://data.semanticweb.org/conference/iswc/2004,,0,1,,,,,0,,,,0
Shawn R. Wolfe,http://data.semanticweb.org/person/shawn-r-wolfe,http://data.semanticweb.org/conference/iswc/2004,,0,1,,,,,0,,,,0
Sheila A. McIlraith,http://data.semanticweb.org/person/sheila-a-mcilraith,http://data.semanticweb.org/conference/iswc/2004,,0,0,,,,,0,,,,0
Sheila McIlraith,http://data.semanticweb.org/person/sheila-mcilraith,http://data.semanticweb.org/conference/iswc/2004,Program Chair,1,0,,,,,0,University of Toronto,University of Toronto,http://data.semanticweb.org/organization/university-of-toronto,1
Shin Adachi,http://data.semanticweb.org/person/shin-adachi,http://data.semanticweb.org/conference/iswc/2004,,0,1,,,,,0,,,,0
Shinichiro Tanaka,http://data.semanticweb.org/person/shinichiro-tanaka,http://data.semanticweb.org/conference/iswc/2004,Local Organizing Committee Member,1,0,,,,,0,Toyota,Toyota,http://data.semanticweb.org/organization/toyota,1
Siegfried Handschuh,http://data.semanticweb.org/person/siegfried-handschuh,http://data.semanticweb.org/conference/iswc/2004,Workshop Chair,1,0,,,,,0,,,,0
Silvestre Losada,http://data.semanticweb.org/person/silvestre-losada,http://data.semanticweb.org/conference/iswc/2004,,0,1,,,,,0,,,,0
Sinuhe Arroyo,http://data.semanticweb.org/person/sinuhe-arroyo,http://data.semanticweb.org/conference/iswc/2004,Tutorial Organizer,1,0,,,,,0,,,,0
Siu Cheung Hui,http://data.semanticweb.org/person/siu-cheung-hui,http://data.semanticweb.org/conference/iswc/2004,,0,1,,,,,0,,,,0
Sören Auer,http://data.semanticweb.org/person/soeren-auer,http://data.semanticweb.org/conference/iswc/2004,,0,1,,,,,0,,,,0
Srinivas Vemuri,http://data.semanticweb.org/person/srinivas-vemuri,http://data.semanticweb.org/conference/iswc/2004,,0,1,,,,,0,,,,0
Stefan Decker,http://data.semanticweb.org/person/stefan-decker,http://data.semanticweb.org/conference/iswc/2004,PC member; Demos Chair,2,1,,,,,0,"DERI, NUI, Galway","DERI, NUI, Galway",http://data.semanticweb.org/organization/deri-nui-galway,1
Stefano Emilio Campanini,http://data.semanticweb.org/person/stefano-emilio-campanini,http://data.semanticweb.org/conference/iswc/2004,,0,1,,,,,0,,,,0
Steffen Staab,http://data.semanticweb.org/person/steffen-staab,http://data.semanticweb.org/conference/iswc/2004,PC member; Meta-data Chair,2,2,,,,,0,"Institut AIFB, Universität Karlsruhe","Institut AIFB, Universität Karlsruhe; Ontoprise GmbH; Karlsruhe Institute of Technology",http://data.semanticweb.org/organization/institut-aifb-universitaet-karlsruhe; http://data.semanticweb.org/organization/ontoprise-gmbh; http://data.semanticweb.org/organization/karlsruhe-institute-of-technology,3
Stephen J. Rich,http://data.semanticweb.org/person/stephen-j-rich,http://data.semanticweb.org/conference/iswc/2004,,0,1,,,,,0,,,,0
Steve Battle,http://data.semanticweb.org/person/steve-battle,http://data.semanticweb.org/conference/iswc/2004,,0,1,,,,,0,,,,0
Steve Pepper,http://data.semanticweb.org/person/steve-pepper,http://data.semanticweb.org/conference/iswc/2004,Tutorial Organizer,1,0,,,,,0,,,,0
Steve Willmott,http://data.semanticweb.org/person/steve-willmott,http://data.semanticweb.org/conference/iswc/2004,PC member,1,0,,,,,0,Polytechnic University of Catalonia,Polytechnic University of Catalonia,http://data.semanticweb.org/organization/polytechnic-university-of-catalonia,1
Stijn Decneut,http://data.semanticweb.org/person/stijn-decneut,http://data.semanticweb.org/conference/iswc/2004,,0,1,,,,,0,,,,0
Stuart Madnick,http://data.semanticweb.org/person/stuart-madnick,http://data.semanticweb.org/conference/iswc/2004,,0,1,,,,,0,,,,0
Subbarao Kambhampati,http://data.semanticweb.org/person/subbarao-kambhampati,http://data.semanticweb.org/conference/iswc/2004,PC member,1,0,,,,,0,Arizona State University,Arizona State University,http://data.semanticweb.org/organization/arizona-state-university,1
Sumit Bhansali,http://data.semanticweb.org/person/sumit-bhansali,http://data.semanticweb.org/conference/iswc/2004,,0,1,,,,,0,,,,0
Suzanne Little,http://data.semanticweb.org/person/suzanne-little,http://data.semanticweb.org/conference/iswc/2004,,0,1,,,,,0,,,,0
Sven Schwarz,http://data.semanticweb.org/person/sven-schwarz,http://data.semanticweb.org/conference/iswc/2004,,0,1,,,,,0,,,,0
Takahira Yamaguchi,http://data.semanticweb.org/person/takahira-yamaguchi,http://data.semanticweb.org/conference/iswc/2004,Local Organizing Committee Member; Workshop Chair; Tutorial Chair,3,1,,,,,0,Keio University,Keio University,http://data.semanticweb.org/organization/keio-university,1
Takahiro Kawamura,http://data.semanticweb.org/person/takahiro-kawamura,http://data.semanticweb.org/conference/iswc/2004,,0,1,,,,,0,,,,0
Takashi Hattori,http://data.semanticweb.org/person/takashi-hattori,http://data.semanticweb.org/conference/iswc/2004,,0,1,,,,,0,,,,0
Takeru Miki,http://data.semanticweb.org/person/takeru-miki,http://data.semanticweb.org/conference/iswc/2004,,0,1,,,,,0,,,,0
Takeshi Morita,http://data.semanticweb.org/person/takeshi-morita,http://data.semanticweb.org/conference/iswc/2004,,0,1,,,,,0,,,,0
Tapio Niemi and,http://data.semanticweb.org/person/tapio-niemi-and,http://data.semanticweb.org/conference/iswc/2004,,0,1,,,,,0,,,,0
Tatiana Levashova,http://data.semanticweb.org/person/tatiana-levashova,http://data.semanticweb.org/conference/iswc/2004,,0,1,,,,,0,,,,0
Tatsuya Hagino,http://data.semanticweb.org/person/tatsuya-hagino,http://data.semanticweb.org/conference/iswc/2004,,0,1,,,,,0,,,,0
Terry Payne,http://data.semanticweb.org/person/terry-payne,http://data.semanticweb.org/conference/iswc/2004,PC member; Workshop Chair,2,2,,,,,0,University of Southampton,University of Southampton,http://data.semanticweb.org/organization/university-of-southampton,1
Tetsuji Satoh,http://data.semanticweb.org/person/tetsuji-satoh,http://data.semanticweb.org/conference/iswc/2004,,0,1,,,,,0,,,,0
Tetsuo Hasegawa,http://data.semanticweb.org/person/tetsuo-hasegawa,http://data.semanticweb.org/conference/iswc/2004,,0,1,,,,,0,,,,0
Tetsuro Tokunaga,http://data.semanticweb.org/person/tetsuro-tokunaga,http://data.semanticweb.org/conference/iswc/2004,,0,1,,,,,0,,,,0
Thanh Tho Quan,http://data.semanticweb.org/person/thanh-tho-quan,http://data.semanticweb.org/conference/iswc/2004,,0,1,,,,,0,,,,0
Thibaud Latour,http://data.semanticweb.org/person/thibaud-latour,http://data.semanticweb.org/conference/iswc/2004,PC member,1,0,,,,,0,Public Research Centre Henri Tudor,Public Research Centre Henri Tudor,http://data.semanticweb.org/organization/public-research-centre-henri-tudor,1
Thierry Declerck,http://data.semanticweb.org/person/thierry-declerck,http://data.semanticweb.org/conference/iswc/2004,PC member; Workshop Chair,2,1,,,,,0,Deutsches Forschungszentrum für Künstliche Intelligenz (DFKI),Deutsches Forschungszentrum für Künstliche Intelligenz (DFKI),http://data.semanticweb.org/organization/deutsches-forschungszentrum-fuer-kuenstliche-intelligenz-dfki,1
Thomas Eigner,http://data.semanticweb.org/person/thomas-eigner,http://data.semanticweb.org/conference/iswc/2004,,0,1,,,,,0,,,,0
Thorsten Liebig,http://data.semanticweb.org/person/thorsten-liebig,http://data.semanticweb.org/conference/iswc/2004,,0,2,,,,,0,,,,0
Tim Finin,http://data.semanticweb.org/person/tim-finin,http://data.semanticweb.org/conference/iswc/2004,Senior PC member,1,0,,,,,0,"University of Maryland, Baltimore County","University of Maryland, Baltimore County",http://data.semanticweb.org/organization/university-of-maryland-baltimore-county,1
Tim Furche,http://data.semanticweb.org/person/tim-furche,http://data.semanticweb.org/conference/iswc/2004,,0,1,,,,,0,,,,0
Tim Oates,http://data.semanticweb.org/person/tim-oates,http://data.semanticweb.org/conference/iswc/2004,PC member,1,0,,,,,0,"University of Maryland, Baltimore County","University of Maryland, Baltimore County",http://data.semanticweb.org/organization/university-of-maryland-baltimore-county,1
Tim Van Pelt,http://data.semanticweb.org/person/tim-van-pelt,http://data.semanticweb.org/conference/iswc/2004,,0,1,,,,,0,,,,0
Tina Froehner,http://data.semanticweb.org/person/tina-froehner,http://data.semanticweb.org/conference/iswc/2004,,0,1,,,,,0,,,,0
Todd Hughes,http://data.semanticweb.org/person/todd-hughes,http://data.semanticweb.org/conference/iswc/2004,Workshop Chair,1,0,,,,,0,,,,0
Todd Koym,http://data.semanticweb.org/person/todd-koym,http://data.semanticweb.org/conference/iswc/2004,,0,1,,,,,0,,,,0
Tomoya Taniguchi,http://data.semanticweb.org/person/tomoya-taniguchi,http://data.semanticweb.org/conference/iswc/2004,,0,1,,,,,0,,,,0
Torsten Priebe,http://data.semanticweb.org/person/torsten-priebe,http://data.semanticweb.org/conference/iswc/2004,,0,1,,,,,0,,,,0
Toru Ishida,http://data.semanticweb.org/person/toru-ishida,http://data.semanticweb.org/conference/iswc/2004,Local Organizing Committee Member; Senior PC member,2,1,,,,,0,Kyoto University,Kyoto University,http://data.semanticweb.org/organization/kyoto-university,1
Toshio Yokoi,http://data.semanticweb.org/person/toshio-yokoi,http://data.semanticweb.org/conference/iswc/2004,Local Organizing Committee Member,1,0,,,,,0,Tokyo Institute of Technology,Tokyo Institute of Technology,http://data.semanticweb.org/organization/tokyo-institute-of-technology,1
Tru Hoang Cao,http://data.semanticweb.org/person/tru-hoang-cao,http://data.semanticweb.org/conference/iswc/2004,,0,1,,,,,0,,,,0
Tsukasa Hirashima,http://data.semanticweb.org/person/tsukasa-hirashima,http://data.semanticweb.org/conference/iswc/2004,Local Organizing Committee Member,1,0,,,,,0,Hiroshima University,Hiroshima University,http://data.semanticweb.org/organization/hiroshima-university,1
Tsunenori Mine,http://data.semanticweb.org/person/tsunenori-mine,http://data.semanticweb.org/conference/iswc/2004,,0,1,,,,,0,,,,0
Ubbo Visser,http://data.semanticweb.org/person/ubbo-visser,http://data.semanticweb.org/conference/iswc/2004,Semantic Web Challenge Chair,1,0,,,,,0,University of Bremen,University of Bremen,http://data.semanticweb.org/organization/university-of-bremen,1
Ugur Kuter,http://data.semanticweb.org/person/ugur-kuter,http://data.semanticweb.org/conference/iswc/2004,,0,1,,,,,0,,,,0
Ulrike Sattler,http://data.semanticweb.org/person/ulrike-sattler,http://data.semanticweb.org/conference/iswc/2004,PC member,1,1,,,,,0,University of Manchester,University of Manchester,http://data.semanticweb.org/organization/university-of-manchester,1
Uwe Keller,http://data.semanticweb.org/person/uwe-keller,http://data.semanticweb.org/conference/iswc/2004,,0,1,,,,,0,,,,0
Uwe Thaden,http://data.semanticweb.org/person/uwe-thaden,http://data.semanticweb.org/conference/iswc/2004,,0,1,,,,,0,,,,0
V. Richard Benjamins,http://data.semanticweb.org/person/v-richard-benjamins,http://data.semanticweb.org/conference/iswc/2004,,0,1,,,,,0,,,,0
Val Tannen,http://data.semanticweb.org/person/val-tannen,http://data.semanticweb.org/conference/iswc/2004,PC member,1,0,,,,,0,University of Pennsylvania,University of Pennsylvania,http://data.semanticweb.org/organization/university-of-pennsylvania,1
Valentina Tamma,http://data.semanticweb.org/person/valentina-tamma,http://data.semanticweb.org/conference/iswc/2004,Workshop Chair,1,0,,,,,0,,,,0
Vasant Honavar,http://data.semanticweb.org/person/vasant-honavar,http://data.semanticweb.org/conference/iswc/2004,,0,1,,,,,0,,,,0
Vassilis Christophides,http://data.semanticweb.org/person/vassilis-christophides,http://data.semanticweb.org/conference/iswc/2004,,0,1,,,,,0,,,,0
Vinay Chaudhri,http://data.semanticweb.org/person/vinay-chaudhri,http://data.semanticweb.org/conference/iswc/2004,PC member,1,0,,,,,0,SRI International,SRI International,http://data.semanticweb.org/organization/sri-international,1
Vipul Kashyap,http://data.semanticweb.org/person/vipul-kashyap,http://data.semanticweb.org/conference/iswc/2004,Tutorial Chair,1,0,,,,,0,"Partners HealthCare System, Inc.","Partners HealthCare System, Inc.",http://data.semanticweb.org/organization/partners-healthcare-system-inc,1
W. A. Gray,http://data.semanticweb.org/person/w-a-gray,http://data.semanticweb.org/conference/iswc/2004,,0,1,,,,,0,,,,0
W. Marco Schorlemmer,http://data.semanticweb.org/person/w-marco-schorlemmer,http://data.semanticweb.org/conference/iswc/2004,,0,1,,,,,0,,,,0
Walter Binder,http://data.semanticweb.org/person/walter-binder,http://data.semanticweb.org/conference/iswc/2004,,0,2,,,,,0,,,,0
Wendy Hall,http://data.semanticweb.org/person/wendy-hall,http://data.semanticweb.org/conference/iswc/2004,PC member,1,0,,,,,0,University of Southampton,University of Southampton,http://data.semanticweb.org/organization/university-of-southampton,1
Willem Robert van Hage,http://data.semanticweb.org/person/willem-robert-van-hage,http://data.semanticweb.org/conference/iswc/2004,,0,1,,,,,0,,,,0
Wolf Siberski,http://data.semanticweb.org/person/wolf-siberski,http://data.semanticweb.org/conference/iswc/2004,PC member,1,1,,,,,0,L3S Research Center,L3S Research Center,http://data.semanticweb.org/organization/l3s-research-center,1
Wolf-Tilo Balke,http://data.semanticweb.org/person/wolf-tilo-balke,http://data.semanticweb.org/conference/iswc/2004,,0,1,,,,,0,,,,0
Wolfgang Nejdl,http://data.semanticweb.org/person/wolfgang-nejdl,http://data.semanticweb.org/conference/iswc/2004,Workshop Chair; Senior PC member; Speaker,3,2,,,,,0,University of Hanover,University of Hanover,http://data.semanticweb.org/organization/university-of-hanover,1
Wolfgang Slany,http://data.semanticweb.org/person/wolfgang-slany,http://data.semanticweb.org/conference/iswc/2004,,0,2,,,,,0,,,,0
Wooju Kim,http://data.semanticweb.org/person/wooju-kim,http://data.semanticweb.org/conference/iswc/2004,,0,1,,,,,0,,,,0
Xuan Zhou,http://data.semanticweb.org/person/xuan-zhou,http://data.semanticweb.org/conference/iswc/2004,,0,1,,,,,0,,,,0
Yannis Kalfoglou,http://data.semanticweb.org/person/yannis-kalfoglou,http://data.semanticweb.org/conference/iswc/2004,,0,1,,,,,0,,,,0
Yannis Labrou,http://data.semanticweb.org/person/yannis-labrou,http://data.semanticweb.org/conference/iswc/2004,PC member,1,0,,,,,0,Fujitsu,Fujitsu,http://data.semanticweb.org/organization/fujitsu,1
Yannis Tzitzikas,http://data.semanticweb.org/person/yannis-tzitzikas,http://data.semanticweb.org/conference/iswc/2004,PC member,1,0,,,,,0,Université de Namur,Université de Namur,http://data.semanticweb.org/organization/universite-de-namur,1
Yasuhiko Kitamura,http://data.semanticweb.org/person/yasuhiko-kitamura,http://data.semanticweb.org/conference/iswc/2004,PC member; Local Organizing Committee Member,2,0,,,,,0,Kwansei Gakuin University,Kwansei Gakuin University,http://data.semanticweb.org/organization/kwansei-gakuin-university,1
Yella Siril,http://data.semanticweb.org/person/yella-siril,http://data.semanticweb.org/conference/iswc/2004,,0,1,,,,,0,,,,0
Ying Ding,http://data.semanticweb.org/person/ying-ding,http://data.semanticweb.org/conference/iswc/2004,PC member,1,0,,,,,0,University of Innsbruck,University of Innsbruck,http://data.semanticweb.org/organization/university-of-innsbruck,1
Yiyu Yao,http://data.semanticweb.org/person/yiyu-yao,http://data.semanticweb.org/conference/iswc/2004,PC member,1,0,,,,,0,University of Regina,University of Regina,http://data.semanticweb.org/organization/university-of-regina,1
Yohei Tanaka,http://data.semanticweb.org/person/yohei-tanaka,http://data.semanticweb.org/conference/iswc/2004,,0,1,,,,,0,,,,0
Yolanda Gil,http://data.semanticweb.org/person/yolanda-gil,http://data.semanticweb.org/conference/iswc/2004,PC member,1,0,,,,,0,ISI/USC,ISI/USC,http://data.semanticweb.org/organization/isiusc,1
Yong Yu,http://data.semanticweb.org/person/yong-yu,http://data.semanticweb.org/conference/iswc/2004,,0,1,,,,,0,,,,0
York Sure,http://data.semanticweb.org/person/york-sure,http://data.semanticweb.org/conference/iswc/2004,Workshop Chair; Sponsor Chair,2,1,,,,,0,"Institut AIFB, Universität Karlsruhe","Institut AIFB, Universität Karlsruhe",http://data.semanticweb.org/organization/institut-aifb-universitaet-karlsruhe,1
Yoshihiro Shigeta,http://data.semanticweb.org/person/yoshihiro-shigeta,http://data.semanticweb.org/conference/iswc/2004,,0,1,,,,,0,,,,0
Yoshinobu Kitamura,http://data.semanticweb.org/person/yoshinobu-kitamura,http://data.semanticweb.org/conference/iswc/2004,Local Organizing Committee Member,1,0,,,,,0,Osaka University,Osaka University,http://data.semanticweb.org/organization/osaka-university,1
Yuanbo Guo,http://data.semanticweb.org/person/yuanbo-guo,http://data.semanticweb.org/conference/iswc/2004,,0,1,,,,,0,,,,0
Yue Pan,http://data.semanticweb.org/person/yue-pan,http://data.semanticweb.org/conference/iswc/2004,,0,1,,,,,0,,,,0
Yukihiro Itoh,http://data.semanticweb.org/person/yukihiro-itoh,http://data.semanticweb.org/conference/iswc/2004,Workshop Chair,1,0,,,,,0,,,,0
Yukiko Kawai,http://data.semanticweb.org/person/yukiko-kawai,http://data.semanticweb.org/conference/iswc/2004,,0,1,,,,,0,,,,0
Yukio Osawa,http://data.semanticweb.org/person/yukio-osawa,http://data.semanticweb.org/conference/iswc/2004,Local Organizing Committee Member,1,0,,,,,0,University of Tsukuba,University of Tsukuba,http://data.semanticweb.org/organization/university-of-tsukuba,1
Yusuke Hayashi,http://data.semanticweb.org/person/yusuke-hayashi,http://data.semanticweb.org/conference/iswc/2004,,0,1,,,,,0,,,,0
Yutaka Matsuo,http://data.semanticweb.org/person/yutaka-matsuo,http://data.semanticweb.org/conference/iswc/2004,,0,2,,,,,0,,,,0
Zack Ives,http://data.semanticweb.org/person/zack-ives,http://data.semanticweb.org/conference/iswc/2004,PC member,1,0,,,,,0,University of Pennsylvania,University of Pennsylvania,http://data.semanticweb.org/organization/university-of-pennsylvania,1
Zbigniew Ras,http://data.semanticweb.org/person/zbigniew-ras,http://data.semanticweb.org/conference/iswc/2004,Senior PC member,1,0,,,,,0,University of North Carolina,University of North Carolina,http://data.semanticweb.org/organization/university-of-north-carolina,1
Zhengxiang Pan,http://data.semanticweb.org/person/zhengxiang-pan,http://data.semanticweb.org/conference/iswc/2004,,0,2,,,,,0,,,,0
Zhong Su,http://data.semanticweb.org/person/zhong-su,http://data.semanticweb.org/conference/iswc/2004,,0,1,,,,,0,,,,0
Zhuo Zhang,http://data.semanticweb.org/person/zhuo-zhang,http://data.semanticweb.org/conference/iswc/2004,,0,1,,,,,0,,,,0
Zohra Bellahsene,http://data.semanticweb.org/person/zohra-bellahsene,http://data.semanticweb.org/conference/iswc/2004,PC member,1,0,,,,,0,Montpellier 2 University,Montpellier 2 University,http://data.semanticweb.org/organization/montpellier-2-university,1
