role_type,role_label,role_event,role_event_label,role_event_type,name,person_uri,homepage,cnt_paper,proceedings_label,bio,depiction,mbox_sha1sum,cnt_mbox,organization,cnt_org
,,,,,A. Goy,http://data.semanticweb.org/person/a-goy,,1,Proceedings of ISWC 2002 Poster Track,,,,0,,0
,,,,,A. Schroder,http://data.semanticweb.org/person/a-schroder,,1,Proceedings of ISWC 2002 Poster Track,,,,0,,0
,,,,,Adil Hameed,http://data.semanticweb.org/person/adil-hameed,,1,Proceedings of ISWC 2002 Poster Track,,,,0,,0
,,,,,Aditya Kalyanpur,http://data.semanticweb.org/person/aditya-kalyanpur,,1,Proceedings of ISWC 2002 Poster Track,,,,0,,0
,,,,,Akira Sato,http://data.semanticweb.org/person/akira-sato,,1,Proceedings of ISWC 2002 Poster Track,,,,0,,0
,,,,,Alberto Verdejo,http://data.semanticweb.org/person/alberto-verdejo,,1,Proceedings of ISWC 2002 Poster Track,,,,0,,0
,,,,,Aldo Gangemi,http://data.semanticweb.org/person/aldo-gangemi,,1,Proceedings of ISWC 2002 Poster Track,,,,0,,0
,,,,,Alessandro Soro,http://data.semanticweb.org/person/alessandro-soro,,1,Proceedings of ISWC 2002 Poster Track,,,,0,,0
,,,,,Alexander Maedche,http://data.semanticweb.org/person/alexander-maedche,,1,Proceedings of ISWC 2002 Poster Track,,,,0,,0
,,,,,Alexander Wahler,http://data.semanticweb.org/person/alexander-wahler,,1,Proceedings of ISWC 2002 Poster Track,,,,0,,0
,,,,,Alexiei Dingli,http://data.semanticweb.org/person/alexiei-dingli,,1,Proceedings of ISWC 2002 Poster Track,,,,0,,0
,,,,,Alon Halevy,http://data.semanticweb.org/person/alon-halevy,,1,Proceedings of ISWC 2002 Poster Track,,,,0,,0
,,,,,Alun Preece,http://data.semanticweb.org/person/alun-preece,,1,Proceedings of ISWC 2002 Poster Track,,,,0,,0
,,,,,Amy Loomis,http://data.semanticweb.org/person/amy-loomis,,1,Proceedings of ISWC 2002 Poster Track,,,,0,,0
,,,,,Anjo Anjewierden,http://data.semanticweb.org/person/anjo-anjewierden,,1,Proceedings of ISWC 2002 Poster Track,,,,0,,0
,,,,,Antoine Isaac,http://data.semanticweb.org/person/antoine-isaac,,1,Proceedings of ISWC 2002 Poster Track,,,,0,,0
,,,,,Asunción Gómez-Pérez,http://data.semanticweb.org/person/asuncion-gomez-perez,,1,Proceedings of ISWC 2002 Poster Track,,,f929b4dab306ec656affc5136763b6fe14c2347e,1,Technical University of Madrid,1
,,,,,Atanas Kiryakov,http://data.semanticweb.org/person/atanas-kiryakov,,2,Proceedings of ISWC 2002 Poster Track,,,,0,,0
,,,,,Barbara Kieslinger,http://data.semanticweb.org/person/barbara-kieslinger,,1,Proceedings of ISWC 2002 Poster Track,,,,0,,0
,,,,,Barbara Pes,http://data.semanticweb.org/person/barbara-pes,,1,Proceedings of ISWC 2002 Poster Track,,,,0,,0
,,,,,Beat F. Schmid,http://data.semanticweb.org/person/beat-f-schmid,,1,Proceedings of ISWC 2002 Poster Track,,,,0,,0
,,,,,Bernd Simon,http://data.semanticweb.org/person/bernd-simon,,1,Proceedings of ISWC 2002 Poster Track,,,,0,,0
,,,,,Blanca Rodriguez,http://data.semanticweb.org/person/blanca-rodriguez,,1,Proceedings of ISWC 2002 Poster Track,,,,0,,0
,,,,,Bob Wielinga,http://data.semanticweb.org/person/bob-wielinga,,1,Proceedings of ISWC 2002 Poster Track,,,,0,,0
,,,,,Boris Motik,http://data.semanticweb.org/person/boris-motik,,1,Proceedings of ISWC 2002 Poster Track,,,,0,,0
,,,,,Borislav Popov,http://data.semanticweb.org/person/borislav-popov,,1,Proceedings of ISWC 2002 Poster Track,,,,0,,0
,,,,,Carole A. Goble,http://data.semanticweb.org/person/carole-a-goble,,2,Proceedings of ISWC 2002 Poster Track,,,,0,,0
,,,,,Cesar Carranza,http://data.semanticweb.org/person/cesar-carranza,,1,Proceedings of ISWC 2002 Poster Track,,,,0,,0
,,,,,Chris van Aart,http://data.semanticweb.org/person/chris-van-aart,,1,Proceedings of ISWC 2002 Poster Track,,,,0,,0
,,,,,Christian Fillies,http://data.semanticweb.org/person/christian-fillies,,1,Proceedings of ISWC 2002 Poster Track,,,,0,,0
,,,,,Ciaran O'Leary,http://data.semanticweb.org/person/ciaran-oleary,,1,Proceedings of ISWC 2002 Poster Track,,,,0,,0
,,,,,Claude Moulin,http://data.semanticweb.org/person/claude-moulin,,1,Proceedings of ISWC 2002 Poster Track,,,,0,,0
,,,,,Cyrus F. Nourani,http://data.semanticweb.org/person/cyrus-f-nourani,,1,Proceedings of ISWC 2002 Poster Track,,,,0,,0
,,,,,D. Leal,http://data.semanticweb.org/person/d-leal,,1,Proceedings of ISWC 2002 Poster Track,,,,0,,0
,,,,,Damyan Ognyanoff,http://data.semanticweb.org/person/damyan-ognyanoff,,1,Proceedings of ISWC 2002 Poster Track,,,,0,,0
,,,,,Damyan Ognyanov,http://data.semanticweb.org/person/damyan-ognyanov,,1,Proceedings of ISWC 2002 Poster Track,,,,0,,0
,,,,,Daniel Ayers,http://data.semanticweb.org/person/daniel-ayers,,1,Proceedings of ISWC 2002 Poster Track,,,,0,,0
,,,,,Daniela Petrelli,http://data.semanticweb.org/person/daniela-petrelli,,1,Proceedings of ISWC 2002 Poster Track,,,,0,,0
,,,,,Deborah McGuinness,http://data.semanticweb.org/person/deborah-mcguinness,,1,Proceedings of ISWC 2002 Poster Track,,,71ff9c05d8111e6a4bfcbd452a5c5579b24c39dc,1,Stanford University,1
,,,,,Derek Sleeman,http://data.semanticweb.org/person/derek-sleeman,,1,Proceedings of ISWC 2002 Poster Track,,,,0,,0
,,,,,Dieter Fensel,http://data.semanticweb.org/person/dieter-fensel,,2,Proceedings of ISWC 2002 Poster Track,,,,0,VU University Amsterdam,1
,,,,,Domenico M. Pisanelli,http://data.semanticweb.org/person/domenico-m-pisanelli,,1,Proceedings of ISWC 2002 Poster Track,,,,0,,0
,,,,,Dominique Lenne,http://data.semanticweb.org/person/dominique-lenne,,1,Proceedings of ISWC 2002 Poster Track,,,,0,,0
,,,,,Eddie Moench,http://data.semanticweb.org/person/eddie-moench,,1,Proceedings of ISWC 2002 Poster Track,,,,0,,0
,,,,,Eero Hyvönen,http://data.semanticweb.org/person/eero-hyvoenen,,1,Proceedings of ISWC 2002 Poster Track,,,,0,,0
,,,,,Elisa F. Kendall,http://data.semanticweb.org/person/elisa-f-kendall,,1,Proceedings of ISWC 2002 Poster Track,,,,0,,0
,,,,,Enoch Chan,http://data.semanticweb.org/person/enoch-chan,,1,Proceedings of ISWC 2002 Poster Track,,,,0,,0
,,,,,Fabio Ciravegna,http://data.semanticweb.org/person/fabio-ciravegna,,2,Proceedings of ISWC 2002 Poster Track,,,,0,,0
,,,,,Francesco Maria Aymerich,http://data.semanticweb.org/person/francesco-maria-aymerich,,1,Proceedings of ISWC 2002 Poster Track,,,,0,,0
,,,,,Frank van Harmelen,http://data.semanticweb.org/person/frank-van-harmelen,,1,Proceedings of ISWC 2002 Poster Track,,,,0,VU University Amsterdam,1
,,,,,Frauke Weichhardt,http://data.semanticweb.org/person/frauke-weichhardt,,1,Proceedings of ISWC 2002 Poster Track,,,,0,,0
,,,,,Frehiwot Fisseha,http://data.semanticweb.org/person/frehiwot-fisseha,,1,Proceedings of ISWC 2002 Poster Track,,,,0,,0
,,,,,G. Petrone,http://data.semanticweb.org/person/g-petrone,,1,Proceedings of ISWC 2002 Poster Track,,,,0,,0
,,,,,Gabriel Huecas,http://data.semanticweb.org/person/gabriel-huecas,,1,Proceedings of ISWC 2002 Poster Track,,,,0,,0
,,,,,Gavino Paddeu,http://data.semanticweb.org/person/gavino-paddeu,,1,Proceedings of ISWC 2002 Poster Track,,,,0,,0
,,,,,Gay Wood-Albrecht,http://data.semanticweb.org/person/gay-wood-albrecht,,1,Proceedings of ISWC 2002 Poster Track,,,,0,,0
,,,,,Gerald Reif,http://data.semanticweb.org/person/gerald-reif,,1,Proceedings of ISWC 2002 Poster Track,,,,0,,0
,,,,,Glenn Moloney,http://data.semanticweb.org/person/glenn-moloney,,1,Proceedings of ISWC 2002 Poster Track,,,,0,,0
,,,,,Gorazd Vrabic,http://data.semanticweb.org/person/gorazd-vrabic,,1,Proceedings of ISWC 2002 Poster Track,,,,0,,0
,,,,,Gustaf Neumann,http://data.semanticweb.org/person/gustaf-neumann,,1,Proceedings of ISWC 2002 Poster Track,,,,0,,0
,,,,,Harald Gall,http://data.semanticweb.org/person/harald-gall,,1,Proceedings of ISWC 2002 Poster Track,,,,0,,0
,,,,,Heiner Stuckenschmidt,http://data.semanticweb.org/person/heiner-stuckenschmidt,,1,Proceedings of ISWC 2002 Poster Track,,,,0,VU University Amsterdam,1
,,,,,Henry M. Levy,http://data.semanticweb.org/person/henry-m-levy,,1,Proceedings of ISWC 2002 Poster Track,,,,0,,0
,,,,,Hiroya Inakoshi,http://data.semanticweb.org/person/hiroya-inakoshi,,1,Proceedings of ISWC 2002 Poster Track,,,,0,,0
,,,,,Ian Horrocks,http://data.semanticweb.org/person/ian-horrocks,,1,Proceedings of ISWC 2002 Poster Track,,,0dfde0275a9cae0de57c25d97ee14fbca31359dd,1,University of Manchester,1
,,,,,Ian Pettman,http://data.semanticweb.org/person/ian-pettman,,1,Proceedings of ISWC 2002 Poster Track,,,,0,,0
,,,,,Il-Yeol Song,http://data.semanticweb.org/person/il-yeol-song,,1,Proceedings of ISWC 2002 Poster Track,,,,0,,0
,,,,,Isabel Gallego,http://data.semanticweb.org/person/isabel-gallego,,1,Proceedings of ISWC 2002 Poster Track,,,,0,,0
,,,,,J. Brase,http://data.semanticweb.org/person/j-brase,,1,Proceedings of ISWC 2002 Poster Track,,,,0,,0
,,,,,Jaime Delgado,http://data.semanticweb.org/person/jaime-delgado,,1,Proceedings of ISWC 2002 Poster Track,,,,0,,0
,,,,,James Hendler,http://data.semanticweb.org/person/james-hendler,,1,Proceedings of ISWC 2002 Poster Track,,,be972c7a602683f7cf3c7a1fd0949c565debe4d3,1,"University of Maryland, College Park",1
,,,,,James Mayfield,http://data.semanticweb.org/person/james-mayfield,,1,Proceedings of ISWC 2002 Poster Track,,,,0,,0
,,,,,Jan Hreno,http://data.semanticweb.org/person/jan-hreno,,1,Proceedings of ISWC 2002 Poster Track,,,,0,,0
,,,,,Jan Rauch,http://data.semanticweb.org/person/jan-rauch,,1,Proceedings of ISWC 2002 Poster Track,,,,0,,0
,,,,,Jean-Paul Sansonnet,http://data.semanticweb.org/person/jean-paul-sansonnet,,1,Proceedings of ISWC 2002 Poster Track,,,,0,,0
,,,,,Jeff Z. Pan,http://data.semanticweb.org/person/jeff-z-pan,,1,Proceedings of ISWC 2002 Poster Track,,,,0,,0
,,,,,Jennifer Golbeck,http://data.semanticweb.org/person/jennifer-golbeck,,1,Proceedings of ISWC 2002 Poster Track,,,,0,,0
,,,,,Jesus Contreras,http://data.semanticweb.org/person/jesus-contreras,,1,Proceedings of ISWC 2002 Poster Track,,,,0,,0
,,,,,Jiri Klemperer,http://data.semanticweb.org/person/jiri-klemperer,,1,Proceedings of ISWC 2002 Poster Track,,,,0,,0
,,,,,Joachim Peer,http://data.semanticweb.org/person/joachim-peer,,1,Proceedings of ISWC 2002 Poster Track,,,,0,,0
,,,,,Joaquin Salvachua,http://data.semanticweb.org/person/joaquin-salvachua,,2,Proceedings of ISWC 2002 Poster Track,,,,0,,0
,,,,,Johann Gamper,http://data.semanticweb.org/person/johann-gamper,,1,Proceedings of ISWC 2002 Poster Track,,,,0,,0
,,,,,Johannes Keizer,http://data.semanticweb.org/person/johannes-keizer,,1,Proceedings of ISWC 2002 Poster Track,,,,0,,0
,,,,,Jose A. Macias,http://data.semanticweb.org/person/jose-a-macias,,1,Proceedings of ISWC 2002 Poster Track,,,,0,,0
,,,,,Juan Quemada,http://data.semanticweb.org/person/juan-quemada,,2,Proceedings of ISWC 2002 Poster Track,,,,0,,0
,,,,,Jun-ichi Akahani,http://data.semanticweb.org/person/jun-ichi-akahani,,1,Proceedings of ISWC 2002 Poster Track,,,,0,,0
,,,,,Kaoru Hiramatsu,http://data.semanticweb.org/person/kaoru-hiramatsu,,1,Proceedings of ISWC 2002 Poster Track,,,,0,,0
,,,,,Kim Viljanen,http://data.semanticweb.org/person/kim-viljanen,,1,Proceedings of ISWC 2002 Poster Track,,,,0,,0
,,,,,Kiril Simov,http://data.semanticweb.org/person/kiril-simov,,2,Proceedings of ISWC 2002 Poster Track,,,,0,,0
,,,,,Kiyoshi Kogure,http://data.semanticweb.org/person/kiyoshi-kogure,,1,Proceedings of ISWC 2002 Poster Track,,,,0,,0
,,,,,Klaus Niederacher,http://data.semanticweb.org/person/klaus-niederacher,,1,Proceedings of ISWC 2002 Poster Track,,,,0,,0
,,,,,L. Ardissono,http://data.semanticweb.org/person/l-ardissono,,1,Proceedings of ISWC 2002 Poster Track,,,,0,,0
,,,,,Leon Sterling,http://data.semanticweb.org/person/leon-sterling,,1,Proceedings of ISWC 2002 Poster Track,,,,0,,0
,,,,,Les Carr,http://data.semanticweb.org/person/les-carr,,1,Proceedings of ISWC 2002 Poster Track,,,,0,,0
,,,,,Linh Van,http://data.semanticweb.org/person/linh-van,,1,Proceedings of ISWC 2002 Poster Track,,,,0,,0
,,,,,Lito Cruz,http://data.semanticweb.org/person/lito-cruz,,1,Proceedings of ISWC 2002 Poster Track,,,,0,,0
,,,,,Luis Llana,http://data.semanticweb.org/person/luis-llana,,1,Proceedings of ISWC 2002 Poster Track,,,,0,,0
,,,,,Luke McDowell,http://data.semanticweb.org/person/luke-mcdowell,,1,Proceedings of ISWC 2002 Poster Track,,,,0,,0
,,,,,Manjula Patel,http://data.semanticweb.org/person/manjula-patel,,1,Proceedings of ISWC 2002 Poster Track,,,,0,,0
,,,,,Marc Taconnet,http://data.semanticweb.org/person/marc-taconnet,,1,Proceedings of ISWC 2002 Poster Track,,,,0,,0
,,,,,Margarita Bradley,http://data.semanticweb.org/person/margarita-bradley,,1,Proceedings of ISWC 2002 Poster Track,,,,0,,0
,,,,,Marian Mach,http://data.semanticweb.org/person/marian-mach,,1,Proceedings of ISWC 2002 Poster Track,,,,0,,0
,,,,,Marie-Helene Abel,http://data.semanticweb.org/person/marie-helene-abel,,1,Proceedings of ISWC 2002 Poster Track,,,,0,,0
,,,,,Mario Schlosser,http://data.semanticweb.org/person/mario-schlosser,,1,Proceedings of ISWC 2002 Poster Track,,,,0,,0
,,,,,Mark E. Dutra,http://data.semanticweb.org/person/mark-e-dutra,,1,Proceedings of ISWC 2002 Poster Track,,,,0,,0
,,,,,Mark Humphrys,http://data.semanticweb.org/person/mark-humphrys,,1,Proceedings of ISWC 2002 Poster Track,,,,0,,0
,,,,,Martin Kavalec,http://data.semanticweb.org/person/martin-kavalec,,1,Proceedings of ISWC 2002 Poster Track,,,,0,,0
,,,,,Michael Sintek,http://data.semanticweb.org/person/michael-sintek,,1,Proceedings of ISWC 2002 Poster Track,,,,0,,0
,,,,,Michel Klein,http://data.semanticweb.org/person/michel-klein,,1,Proceedings of ISWC 2002 Poster Track,,,,0,,0
,,,,,Mike Grove,http://data.semanticweb.org/person/mike-grove,,1,Proceedings of ISWC 2002 Poster Track,,,,0,,0
,,,,,Min Song,http://data.semanticweb.org/person/min-song,,1,Proceedings of ISWC 2002 Poster Track,,,,0,,0
,,,,,Muthukkaruppan Annamalai,http://data.semanticweb.org/person/muthukkaruppan-annamalai,,1,Proceedings of ISWC 2002 Poster Track,,,,0,,0
,,,,,Narciso Marti-Oliet,http://data.semanticweb.org/person/narciso-marti-oliet,,1,Proceedings of ISWC 2002 Poster Track,,,,0,,0
,,,,,Nicola Henze,http://data.semanticweb.org/person/nicola-henze,,1,Proceedings of ISWC 2002 Poster Track,,,,0,,0
,,,,,Nicolas Sabouret,http://data.semanticweb.org/person/nicolas-sabouret,,1,Proceedings of ISWC 2002 Poster Track,,,,0,,0
,,,,,Nicoletta Dessí,http://data.semanticweb.org/person/nicoletta-dessi,,1,Proceedings of ISWC 2002 Poster Track,,,,0,University of Cagliari,1
,,,,,Norman Sadeh,http://data.semanticweb.org/person/norman-sadeh,,1,Proceedings of ISWC 2002 Poster Track,,,,0,,0
,,,,,Omar Cisse,http://data.semanticweb.org/person/omar-cisse,,1,Proceedings of ISWC 2002 Poster Track,,,,0,,0
,,,,,Oren Etzioni,http://data.semanticweb.org/person/oren-etzioni,,1,Proceedings of ISWC 2002 Poster Track,,,,0,,0
,,,,,Oscar Corcho,http://data.semanticweb.org/person/oscar-corcho,,1,Proceedings of ISWC 2002 Poster Track,,,,0,,0
,,,,,Pablo Castells,http://data.semanticweb.org/person/pablo-castells,,1,Proceedings of ISWC 2002 Poster Track,,,,0,,0
,,,,,Paolo Dongilli,http://data.semanticweb.org/person/paolo-dongilli,,1,Proceedings of ISWC 2002 Poster Track,,,,0,,0
,,,,,Perry Groot,http://data.semanticweb.org/person/perry-groot,,1,Proceedings of ISWC 2002 Poster Track,,,,0,,0
,,,,,Peter Macej,http://data.semanticweb.org/person/peter-macej,,1,Proceedings of ISWC 2002 Poster Track,,,,0,,0
,,,,,R. Bacher,http://data.semanticweb.org/person/r-bacher,,1,Proceedings of ISWC 2002 Poster Track,,,,0,,0
,,,,,Raffaella Sanna,http://data.semanticweb.org/person/raffaella-sanna,,1,Proceedings of ISWC 2002 Poster Track,,,,0,,0
,,,,,Raphael Volz,http://data.semanticweb.org/person/raphael-volz,,1,Proceedings of ISWC 2002 Poster Track,,,,0,,0
,,,,,Raphaël Troncy,http://data.semanticweb.org/person/raphaeel-troncy,,1,Proceedings of ISWC 2002 Poster Track,,,,0,,0
,,,,,Roberto Garcia,http://data.semanticweb.org/person/roberto-garcia,,1,Proceedings of ISWC 2002 Poster Track,,,,0,,0
,,,,,Rolf Gruetter,http://data.semanticweb.org/person/rolf-gruetter,,1,Proceedings of ISWC 2002 Poster Track,,,,0,,0
,,,,,Ron Alford,http://data.semanticweb.org/person/ron-alford,,1,Proceedings of ISWC 2002 Poster Track,,,,0,,0
,,,,,Ron Reck,http://data.semanticweb.org/person/ron-reck,,1,Proceedings of ISWC 2002 Poster Track,,,,0,,0
,,,,,Rosa Gil,http://data.semanticweb.org/person/rosa-gil,,1,Proceedings of ISWC 2002 Poster Track,,,,0,,0
,,,,,Ross Baker,http://data.semanticweb.org/person/ross-baker,,1,Proceedings of ISWC 2002 Poster Track,,,,0,,0
,,,,,Sanda Mandutianu,http://data.semanticweb.org/person/sanda-mandutianu,,1,Proceedings of ISWC 2002 Poster Track,,,,0,,0
,,,,,Schahram Dustdar,http://data.semanticweb.org/person/schahram-dustdar,,1,Proceedings of ISWC 2002 Poster Track,,,,0,,0
,,,,,Sean Bechhofer,http://data.semanticweb.org/person/sean-bechhofer,,1,Proceedings of ISWC 2002 Poster Track,,,,0,,0
,,,,,Seishi Okamoto,http://data.semanticweb.org/person/seishi-okamoto,,1,Proceedings of ISWC 2002 Poster Track,,,,0,,0
,,,,,Siegfried Handschuh,http://data.semanticweb.org/person/siegfried-handschuh,,1,Proceedings of ISWC 2002 Poster Track,,,,0,,0
,,,,,Sigrun Gunnersdottir,http://data.semanticweb.org/person/sigrun-gunnersdottir,,1,Proceedings of ISWC 2002 Poster Track,,,,0,,0
,,,,,Simon Harper,http://data.semanticweb.org/person/simon-harper,,1,Proceedings of ISWC 2002 Poster Track,,,,0,,0
,,,,,Simon Kampa,http://data.semanticweb.org/person/simon-kampa,,1,Proceedings of ISWC 2002 Poster Track,,,,0,,0
,,,,,Stanislav Jordanov,http://data.semanticweb.org/person/stanislav-jordanov,,2,Proceedings of ISWC 2002 Poster Track,,,,0,,0
,,,,,Stefan Brantner,http://data.semanticweb.org/person/stefan-brantner,,1,Proceedings of ISWC 2002 Poster Track,,,,0,,0
,,,,,Stefan Decker,http://data.semanticweb.org/person/stefan-decker,,1,Proceedings of ISWC 2002 Poster Track,,,,0,Stanford University,1
,,,,,Steffen Staab,http://data.semanticweb.org/person/steffen-staab,,1,Proceedings of ISWC 2002 Poster Track,,,e0c42fda1010609b9ccab83669f8631ba07648de,1,Karlsruhe Institute of Technology,1
,,,,,Stephen Pettitt,http://data.semanticweb.org/person/stephen-pettitt,,1,Proceedings of ISWC 2002 Poster Track,,,,0,,0
,,,,,Steve Gribble,http://data.semanticweb.org/person/steve-gribble,,1,Proceedings of ISWC 2002 Poster Track,,,,0,,0
,,,,,Sushama Prasad,http://data.semanticweb.org/person/sushama-prasad,,1,Proceedings of ISWC 2002 Poster Track,,,,0,,0
,,,,,Suvi Kettula,http://data.semanticweb.org/person/suvi-kettula,,1,Proceedings of ISWC 2002 Poster Track,,,,0,,0
,,,,,Sylvain Giroux,http://data.semanticweb.org/person/sylvain-giroux,,1,Proceedings of ISWC 2002 Poster Track,,,,0,,0
,,,,,T. Kunze,http://data.semanticweb.org/person/t-kunze,,1,Proceedings of ISWC 2002 Poster Track,,,,0,,0
,,,,,Takahisa Ando,http://data.semanticweb.org/person/takahisa-ando,,1,Proceedings of ISWC 2002 Poster Track,,,,0,,0
,,,,,Thorsten Liebig,http://data.semanticweb.org/person/thorsten-liebig,,1,Proceedings of ISWC 2002 Poster Track,,,,0,,0
,,,,,Tilman Kuechler,http://data.semanticweb.org/person/tilman-kuechler,,1,Proceedings of ISWC 2002 Poster Track,,,,0,,0
,,,,,Tim Finin,http://data.semanticweb.org/person/tim-finin,,2,Proceedings of ISWC 2002 Poster Track,,,,0,"University of Maryland, Baltimore County",1
,,,,,Tomas Robles,http://data.semanticweb.org/person/tomas-robles,,1,Proceedings of ISWC 2002 Poster Track,,,,0,,0
,,,,,Urvi Shah,http://data.semanticweb.org/person/urvi-shah,,1,Proceedings of ISWC 2002 Poster Track,,,,0,,0
,,,,,V. Richard Benjamins,http://data.semanticweb.org/person/v-richard-benjamins,,1,Proceedings of ISWC 2002 Poster Track,,,,0,,0
,,,,,Vaclav Lin,http://data.semanticweb.org/person/vaclav-lin,,1,Proceedings of ISWC 2002 Poster Track,,,,0,,0
,,,,,Vilho Raatikka,http://data.semanticweb.org/person/vilho-raatikka,,1,Proceedings of ISWC 2002 Poster Track,,,,0,,0
,,,,,Vojtech Svatek,http://data.semanticweb.org/person/vojtech-svatek,,2,Proceedings of ISWC 2002 Poster Track,,,,0,,0
,,,,,Wilson Lau,http://data.semanticweb.org/person/wilson-lau,,1,Proceedings of ISWC 2002 Poster Track,,,,0,,0
,,,,,Wolf Siberski,http://data.semanticweb.org/person/wolf-siberski,,1,Proceedings of ISWC 2002 Poster Track,,,,0,,0
,,,,,Wolfgang Hesse,http://data.semanticweb.org/person/wolfgang-hesse,,1,Proceedings of ISWC 2002 Poster Track,,,,0,,0
,,,,,Wolfgang Nejdl,http://data.semanticweb.org/person/wolfgang-nejdl,,3,Proceedings of ISWC 2002 Poster Track,,,,0,,0
,,,,,Wouter Jansweijer,http://data.semanticweb.org/person/wouter-jansweijer,,1,Proceedings of ISWC 2002 Poster Track,,,,0,,0
,,,,,Yohei Seki,http://data.semanticweb.org/person/yohei-seki,,1,Proceedings of ISWC 2002 Poster Track,,,,0,,0
,,,,,York Sure,http://data.semanticweb.org/person/york-sure,,1,Proceedings of ISWC 2002 Poster Track,,,,0,,0
,,,,,Yoshinori Shimazaki,http://data.semanticweb.org/person/yoshinori-shimazaki,,1,Proceedings of ISWC 2002 Poster Track,,,,0,,0
,,,,,Yun Peng,http://data.semanticweb.org/person/yun-peng,,2,Proceedings of ISWC 2002 Poster Track,,,,0,,0
,,,,,Abraham Bernstein,http://data.semanticweb.org/person/abraham-bernstein,,1,The Semantic Web - ISWC 2002,,,,0,,0
,,,,,Aimilia Magkanaraki,http://data.semanticweb.org/person/aimilia-magkanaraki,,1,The Semantic Web - ISWC 2002,,,,0,,0
,,,,,Alberto Reggiori,http://data.semanticweb.org/person/alberto-reggiori,,1,The Semantic Web - ISWC 2002,,,,0,,0
,,,,,Alexander Felfernig,http://data.semanticweb.org/person/alexander-felfernig,,1,The Semantic Web - ISWC 2002,,,,0,,0
,,,,,Alexander Maedche,http://data.semanticweb.org/person/alexander-maedche,,1,The Semantic Web - ISWC 2002,,,,0,,0
,,,,,Andreas Eberhart,http://data.semanticweb.org/person/andreas-eberhart,,1,The Semantic Web - ISWC 2002,,,,0,,0
,,,,,Andreas Hotho,http://data.semanticweb.org/person/andreas-hotho,,1,The Semantic Web - ISWC 2002,,,,0,,0
,,,,,Andy Seaborne,http://data.semanticweb.org/person/andy-seaborne,,2,The Semantic Web - ISWC 2002,,,,0,,0
,,,,,Anupriya Ankolekar,http://data.semanticweb.org/person/anupriya-ankolekar,,1,The Semantic Web - ISWC 2002,,,,0,,0
,,,,,Arjohn Kampman,http://data.semanticweb.org/person/arjohn-kampman,,1,The Semantic Web - ISWC 2002,,,,0,,0
,,,,,B. M. Matthews,http://data.semanticweb.org/person/b-m-matthews,,1,The Semantic Web - ISWC 2002,,,,0,,0
,,,,,Bernard Vatant,http://data.semanticweb.org/person/bernard-vatant,,1,The Semantic Web - ISWC 2002,,,,0,,0
,,,,,Bernd Amann,http://data.semanticweb.org/person/bernd-amann,,1,The Semantic Web - ISWC 2002,,,,0,,0
,,,,,Bernd Simon,http://data.semanticweb.org/person/bernd-simon,,1,The Semantic Web - ISWC 2002,,,,0,,0
,,,,,Bettina Berendt,http://data.semanticweb.org/person/bettina-berendt,,1,The Semantic Web - ISWC 2002,,,,0,,0
,,,,,Borys Omelayenko,http://data.semanticweb.org/person/borys-omelayenko,,1,The Semantic Web - ISWC 2002,,,,0,,0
,,,,,Brian McBride,http://data.semanticweb.org/person/brian-mcbride,,1,The Semantic Web - ISWC 2002,,,,0,Hewlett-Packard,1
,,,,,Carl Kesselman,http://data.semanticweb.org/person/carl-kesselman,,1,The Semantic Web - ISWC 2002,,,,0,,0
,,,,,Catriel Beeri,http://data.semanticweb.org/person/catriel-beeri,,1,The Semantic Web - ISWC 2002,,,,0,,0
,,,,,Christoph Bussler,http://data.semanticweb.org/person/christoph-bussler,,1,The Semantic Web - ISWC 2002,,,,0,,0
,,,,,D. Reynolds,http://data.semanticweb.org/person/d-reynolds,,1,The Semantic Web - ISWC 2002,,,,0,,0
,,,,,Daan Carlier,http://data.semanticweb.org/person/daan-carlier,,1,The Semantic Web - ISWC 2002,,,,0,,0
,,,,,Dan Brickley,http://data.semanticweb.org/person/dan-brickley,,1,The Semantic Web - ISWC 2002,,,,0,,0
,,,,,David Martin,http://data.semanticweb.org/person/david-martin,,1,The Semantic Web - ISWC 2002,,,,0,,0
,,,,,Dejing Dou,http://data.semanticweb.org/person/dejing-dou,,1,The Semantic Web - ISWC 2002,,,,0,,0
,,,,,Dieter Fensel,http://data.semanticweb.org/person/dieter-fensel,,2,The Semantic Web - ISWC 2002,,,,0,VU University Amsterdam,1
,,,,,Dietmar Jannach,http://data.semanticweb.org/person/dietmar-jannach,,1,The Semantic Web - ISWC 2002,,,,0,,0
,,,,,Dimitris Plexousakis,http://data.semanticweb.org/person/dimitris-plexousakis,,1,The Semantic Web - ISWC 2002,,,,0,FORTH-ICS,1
,,,,,Dirk Wenke,http://data.semanticweb.org/person/dirk-wenke,,1,The Semantic Web - ISWC 2002,,,,0,,0
,,,,,Drew McDermott,http://data.semanticweb.org/person/drew-mcdermott,,2,The Semantic Web - ISWC 2002,,,,0,,0
,,,,,Enrico Motta,http://data.semanticweb.org/person/enrico-motta,,1,The Semantic Web - ISWC 2002,,,,0,The Open University,1
,,,,,Francesco Guerra,http://data.semanticweb.org/person/francesco-guerra,,1,The Semantic Web - ISWC 2002,,,,0,,0
,,,,,Francesco Taglino,http://data.semanticweb.org/person/francesco-taglino,,1,The Semantic Web - ISWC 2002,,,,0,,0
,,,,,Frank Huch,http://data.semanticweb.org/person/frank-huch,,1,The Semantic Web - ISWC 2002,,,,0,,0
,,,,,Frank van Harmelen,http://data.semanticweb.org/person/frank-van-harmelen,,1,The Semantic Web - ISWC 2002,,,,0,VU University Amsterdam,1
,,,,,Gangmin Li,http://data.semanticweb.org/person/gangmin-li,,1,The Semantic Web - ISWC 2002,,,,0,,0
,,,,,Gerd Stumme,http://data.semanticweb.org/person/gerd-stumme,,1,The Semantic Web - ISWC 2002,,,,0,,0
,,,,,Gerhard Friedrich,http://data.semanticweb.org/person/gerhard-friedrich,,1,The Semantic Web - ISWC 2002,,,,0,,0
,,,,,Griff Richards,http://data.semanticweb.org/person/griff-richards,,1,The Semantic Web - ISWC 2002,,,,0,,0
,,,,,Grigoris Antoniou,http://data.semanticweb.org/person/grigoris-antoniou,,1,The Semantic Web - ISWC 2002,,,,0,,0
,,,,,Guus Schreiber,http://data.semanticweb.org/person/guus-schreiber,,1,The Semantic Web - ISWC 2002,,,,0,University of Amsterdam,1
,,,,,Ian Horrocks,http://data.semanticweb.org/person/ian-horrocks,,1,The Semantic Web - ISWC 2002,,,0dfde0275a9cae0de57c25d97ee14fbca31359dd,1,University of Manchester,1
,,,,,Inger I. Blok,http://data.semanticweb.org/person/inger-i-blok,,1,The Semantic Web - ISWC 2002,,,,0,,0
,,,,,Irini Fundulaki,http://data.semanticweb.org/person/irini-fundulaki,,1,The Semantic Web - ISWC 2002,,,,0,,0
,,,,,Jaap Kamps,http://data.semanticweb.org/person/jaap-kamps,,1,The Semantic Web - ISWC 2002,,,,0,,0
,,,,,Jair Hokstam,http://data.semanticweb.org/person/jair-hokstam,,1,The Semantic Web - ISWC 2002,,,,0,,0
,,,,,Jeen Broekstra,http://data.semanticweb.org/person/jeen-broekstra,,1,The Semantic Web - ISWC 2002,,,,0,,0
,,,,,Jeremy Carroll,http://data.semanticweb.org/person/jeremy-carroll,,1,The Semantic Web - ISWC 2002,,,,0,,0
,,,,,Jerry R. Hobbs,http://data.semanticweb.org/person/jerry-r-hobbs,,1,The Semantic Web - ISWC 2002,,,,0,,0
,,,,,Joachim Peer,http://data.semanticweb.org/person/joachim-peer,,1,The Semantic Web - ISWC 2002,,,,0,,0
,,,,,John Domingue,http://data.semanticweb.org/person/john-domingue,,1,The Semantic Web - ISWC 2002,,,,0,,0
,,,,,Julien Tane,http://data.semanticweb.org/person/julien-tane,,1,The Semantic Web - ISWC 2002,,,,0,,0
,,,,,Jérôme Siméon,http://data.semanticweb.org/person/jerome-simeon,,1,The Semantic Web - ISWC 2002,,,,0,,0
,,,,,Jörg Pleumann,http://data.semanticweb.org/person/joerg-pleumann,,1,The Semantic Web - ISWC 2002,,,,0,,0
,,,,,Jürgen Angele,http://data.semanticweb.org/person/juergen-angele,,1,The Semantic Web - ISWC 2002,,,,0,,0
,,,,,Katia Sycara,http://data.semanticweb.org/person/katia-sycara,,4,The Semantic Web - ISWC 2002,,,,0,,0
,,,,,Kenneth Baclawski,http://data.semanticweb.org/person/kenneth-baclawski,,1,The Semantic Web - ISWC 2002,,,,0,,0
,,,,,Libby Miller,http://data.semanticweb.org/person/libby-miller,,2,The Semantic Web - ISWC 2002,,,,0,,0
,,,,,Maarten Marx,http://data.semanticweb.org/person/maarten-marx,,1,The Semantic Web - ISWC 2002,,,,0,,0
,,,,,Marek Hatala,http://data.semanticweb.org/person/marek-hatala,,1,The Semantic Web - ISWC 2002,,,,0,,0
,,,,,Mark A. Whiting,http://data.semanticweb.org/person/mark-a-whiting,,1,The Semantic Web - ISWC 2002,,,,0,,0
,,,,,Mark H. Burstein,http://data.semanticweb.org/person/mark-h-burstein,,1,The Semantic Web - ISWC 2002,,,,0,,0
,,,,,Mark Klein,http://data.semanticweb.org/person/mark-klein,,1,The Semantic Web - ISWC 2002,,,,0,,0
,,,,,Markus Zanker,http://data.semanticweb.org/person/markus-zanker,,1,The Semantic Web - ISWC 2002,,,,0,,0
,,,,,Massimo Paolucci,http://data.semanticweb.org/person/massimo-paolucci,,2,The Semantic Web - ISWC 2002,,,,0,,0
,,,,,Maurizio Vincini,http://data.semanticweb.org/person/maurizio-vincini,,1,The Semantic Web - ISWC 2002,,,,0,,0
,,,,,Michael Erdmann,http://data.semanticweb.org/person/michael-erdmann,,1,The Semantic Web - ISWC 2002,,,,0,,0
,,,,,Michael Sintek,http://data.semanticweb.org/person/michael-sintek,,1,The Semantic Web - ISWC 2002,,,,0,,0
,,,,,Michael Wilson,http://data.semanticweb.org/person/michael-wilson,,1,The Semantic Web - ISWC 2002,,,,0,,0
,,,,,Michel Scholl,http://data.semanticweb.org/person/michel-scholl,,1,The Semantic Web - ISWC 2002,,,,0,,0
,,,,,Michele Missikoff,http://data.semanticweb.org/person/michele-missikoff,,2,The Semantic Web - ISWC 2002,,,ef1961d53817d5446e68fbe03e9087624f9e32c5,1,CNR,1
,,,,,Mieczyslaw Kokar,http://data.semanticweb.org/person/mieczyslaw-kokar,,1,The Semantic Web - ISWC 2002,,,,0,,0
,,,,,Nick Cramer,http://data.semanticweb.org/person/nick-cramer,,1,The Semantic Web - ISWC 2002,,,,0,,0
,,,,,Ora Lassila,http://data.semanticweb.org/person/ora-lassila,,2,The Semantic Web - ISWC 2002,,,,0,Nokia Research,1
,,,,,Paola Velardi,http://data.semanticweb.org/person/paola-velardi,,1,The Semantic Web - ISWC 2002,,,,0,,0
,,,,,Pascal Auillans,http://data.semanticweb.org/person/pascal-auillans,,1,The Semantic Web - ISWC 2002,,,,0,,0
,,,,,Patrice Ossona de Mendez,http://data.semanticweb.org/person/patrice-ossona-de-mendez,,1,The Semantic Web - ISWC 2002,,,,0,,0
,,,,,Paul A. Kogut,http://data.semanticweb.org/person/paul-a-kogut,,1,The Semantic Web - ISWC 2002,,,,0,,0
,,,,,Peter F. Patel-Schneider,http://data.semanticweb.org/person/peter-f-patel-schneider,,2,The Semantic Web - ISWC 2002,,,,0,Lucent,1
,,,,,Pierre Rosenstiehl,http://data.semanticweb.org/person/pierre-rosenstiehl,,1,The Semantic Web - ISWC 2002,,,,0,,0
,,,,,Rahul Singh,http://data.semanticweb.org/person/rahul-singh,,1,The Semantic Web - ISWC 2002,,,,0,,0
,,,,,Richard J. Waldinger,http://data.semanticweb.org/person/richard-j-waldinger,,1,The Semantic Web - ISWC 2002,,,,0,,0
,,,,,Roberto Navigli,http://data.semanticweb.org/person/roberto-navigli,,1,The Semantic Web - ISWC 2002,,,,0,,0
,,,,,Rudi Studer,http://data.semanticweb.org/person/rudi-studer,,1,The Semantic Web - ISWC 2002,,,,0,Karlsruhe Institute of Technology,1
,,,,,S. Buswell,http://data.semanticweb.org/person/s-buswell,,1,The Semantic Web - ISWC 2002,,,,0,,0
,,,,,Sergio Tessaris,http://data.semanticweb.org/person/sergio-tessaris,,1,The Semantic Web - ISWC 2002,,,,0,,0
,,,,,Sheila A. McIlraith,http://data.semanticweb.org/person/sheila-a-mcilraith,,1,The Semantic Web - ISWC 2002,,,,0,,0
,,,,,Simon Buckingham Shum,http://data.semanticweb.org/person/simon-buckingham-shum,,1,The Semantic Web - ISWC 2002,,,,0,,0
,,,,,Sofia Alexaki,http://data.semanticweb.org/person/sofia-alexaki,,1,The Semantic Web - ISWC 2002,,,,0,,0
,,,,,Sonia Bergamaschi,http://data.semanticweb.org/person/sonia-bergamaschi,,1,The Semantic Web - ISWC 2002,,,,0,,0
,,,,,Srini Narayanan,http://data.semanticweb.org/person/srini-narayanan,,1,The Semantic Web - ISWC 2002,,,,0,,0
,,,,,Stefan Decker,http://data.semanticweb.org/person/stefan-decker,,1,The Semantic Web - ISWC 2002,,,,0,Stanford University,1
,,,,,Stefan Haustein,http://data.semanticweb.org/person/stefan-haustein,,1,The Semantic Web - ISWC 2002,,,,0,,0
,,,,,Steffen Staab,http://data.semanticweb.org/person/steffen-staab,,1,The Semantic Web - ISWC 2002,,,e0c42fda1010609b9ccab83669f8631ba07648de,1,Karlsruhe Institute of Technology,1
,,,,,Steven R. Newcomb,http://data.semanticweb.org/person/steven-r-newcomb,,1,The Semantic Web - ISWC 2002,,,,0,,0
,,,,,Takahiro Kawamura,http://data.semanticweb.org/person/takahiro-kawamura,,1,The Semantic Web - ISWC 2002,,,,0,,0
,,,,,Terry Payne,http://data.semanticweb.org/person/terry-payne,,3,The Semantic Web - ISWC 2002,,,,0,,0
,,,,,Uri Roos,http://data.semanticweb.org/person/uri-roos,,1,The Semantic Web - ISWC 2002,,,,0,,0
,,,,,Varun Ratnakar,http://data.semanticweb.org/person/varun-ratnakar,,1,The Semantic Web - ISWC 2002,,,,0,,0
,,,,,Vassilis Christophides,http://data.semanticweb.org/person/vassilis-christophides,,1,The Semantic Web - ISWC 2002,,,,0,FORTH-ICS,1
,,,,,Victoria S. Uren,http://data.semanticweb.org/person/victoria-s-uren,,1,The Semantic Web - ISWC 2002,,,,0,,0
,,,,,Wolf Siberski,http://data.semanticweb.org/person/wolf-siberski,,1,The Semantic Web - ISWC 2002,,,,0,,0
,,,,,Wolfgang Nejdl,http://data.semanticweb.org/person/wolfgang-nejdl,,1,The Semantic Web - ISWC 2002,,,,0,,0
,,,,,Wouter P. C. van Gent,http://data.semanticweb.org/person/wouter-p-c-van-gent,,1,The Semantic Web - ISWC 2002,,,,0,,0
,,,,,Yolanda Gil,http://data.semanticweb.org/person/yolanda-gil,,1,The Semantic Web - ISWC 2002,,,,0,,0
,,,,,York Sure,http://data.semanticweb.org/person/york-sure,,1,The Semantic Web - ISWC 2002,,,,0,,0
http://data.semanticweb.org/ns/swc/ontology#Chair,Finances and Web Chair,http://data.semanticweb.org/conference/iswc/2002,The First International Semantic Web Conference,http://data.semanticweb.org/ns/swc/ontology#ConferenceEvent,Jérôme Euzenat,http://data.semanticweb.org/person/jerome-euzenat,,0,,,,9a5ee047a26b4e42a17b2f544444c0c0acea69fa,1,INRIA Rhône-Alpes,1
http://data.semanticweb.org/ns/swc/ontology#Chair,General Chair,http://data.semanticweb.org/conference/iswc/2002,The First International Semantic Web Conference,http://data.semanticweb.org/ns/swc/ontology#ConferenceEvent,James Hendler,http://data.semanticweb.org/person/james-hendler,,0,,,,be972c7a602683f7cf3c7a1fd0949c565debe4d3,1,"University of Maryland, College Park",1
http://data.semanticweb.org/ns/swc/ontology#Chair,Late-breaking poster Chair,http://data.semanticweb.org/conference/iswc/2002,The First International Semantic Web Conference,http://data.semanticweb.org/ns/swc/ontology#ConferenceEvent,Raphael M Malyankar,http://data.semanticweb.org/person/raphael-m-malyankar,,0,,,,4a119a6bf358f6a395f4e92cdcb781ef60226d86,1,Arizona State University,1
http://data.semanticweb.org/ns/swc/ontology#Chair,Local coordination,http://data.semanticweb.org/conference/iswc/2002,The First International Semantic Web Conference,http://data.semanticweb.org/ns/swc/ontology#ConferenceEvent,Nicoletta Dessí,http://data.semanticweb.org/person/nicoletta-dessi,,0,,,,,0,University of Cagliari,1
http://data.semanticweb.org/ns/swc/ontology#Chair,Metadata Chair,http://data.semanticweb.org/conference/iswc/2002,The First International Semantic Web Conference,http://data.semanticweb.org/ns/swc/ontology#ConferenceEvent,Steffen Staab,http://data.semanticweb.org/person/steffen-staab,,0,,,,e0c42fda1010609b9ccab83669f8631ba07648de,1,Karlsruhe Institute of Technology,1
http://data.semanticweb.org/ns/swc/ontology#Chair,Organization chair,http://data.semanticweb.org/conference/iswc/2002,The First International Semantic Web Conference,http://data.semanticweb.org/ns/swc/ontology#ConferenceEvent,Michele Missikoff,http://data.semanticweb.org/person/michele-missikoff,,0,,,,ef1961d53817d5446e68fbe03e9087624f9e32c5,1,CNR,1
http://data.semanticweb.org/ns/swc/ontology#Chair,Program Chair,http://data.semanticweb.org/conference/iswc/2002,The First International Semantic Web Conference,http://data.semanticweb.org/ns/swc/ontology#ConferenceEvent,Ian Horrocks,http://data.semanticweb.org/person/ian-horrocks,,0,,,,0dfde0275a9cae0de57c25d97ee14fbca31359dd,1,University of Manchester,1
http://data.semanticweb.org/ns/swc/ontology#Chair,Sponsor Chair,http://data.semanticweb.org/conference/iswc/2002,The First International Semantic Web Conference,http://data.semanticweb.org/ns/swc/ontology#ConferenceEvent,Deborah McGuinness,http://data.semanticweb.org/person/deborah-mcguinness,,0,,,,71ff9c05d8111e6a4bfcbd452a5c5579b24c39dc,1,Stanford University,1
http://data.semanticweb.org/ns/swc/ontology#Chair,Sponsor Chair,http://data.semanticweb.org/conference/iswc/2002,The First International Semantic Web Conference,http://data.semanticweb.org/ns/swc/ontology#ConferenceEvent,Ying Ding,http://data.semanticweb.org/person/ying-ding,,0,,,,abb5a7cf356acfe7d09591da1e7bcbbe340a627a,1,VU University Amsterdam,1
http://data.semanticweb.org/ns/swc/ontology#Chair,Tutorial Chair,http://data.semanticweb.org/conference/iswc/2002,The First International Semantic Web Conference,http://data.semanticweb.org/ns/swc/ontology#ConferenceEvent,Asunción Gómez-Pérez,http://data.semanticweb.org/person/asuncion-gomez-perez,,0,,,,f929b4dab306ec656affc5136763b6fe14c2347e,1,Technical University of Madrid,1
http://data.semanticweb.org/ns/swc/ontology#ProgrammeCommitteeMember,PC Member,http://data.semanticweb.org/conference/iswc/2002,The First International Semantic Web Conference,http://data.semanticweb.org/ns/swc/ontology#ConferenceEvent,Amedeo Napoli,http://data.semanticweb.org/person/amedeo-napoli,,0,,,,,0,LORIA,1
http://data.semanticweb.org/ns/swc/ontology#ProgrammeCommitteeMember,PC Member,http://data.semanticweb.org/conference/iswc/2002,The First International Semantic Web Conference,http://data.semanticweb.org/ns/swc/ontology#ConferenceEvent,Amit Sheth,http://data.semanticweb.org/person/amit-sheth,,0,,,,,0,University of Georgia,1
http://data.semanticweb.org/ns/swc/ontology#ProgrammeCommitteeMember,PC Member,http://data.semanticweb.org/conference/iswc/2002,The First International Semantic Web Conference,http://data.semanticweb.org/ns/swc/ontology#ConferenceEvent,Asunción Gómez-Pérez,http://data.semanticweb.org/person/asuncion-gomez-perez,,0,,,,f929b4dab306ec656affc5136763b6fe14c2347e,1,Technical University of Madrid,1
http://data.semanticweb.org/ns/swc/ontology#ProgrammeCommitteeMember,PC Member,http://data.semanticweb.org/conference/iswc/2002,The First International Semantic Web Conference,http://data.semanticweb.org/ns/swc/ontology#ConferenceEvent,Bhavani Thuraisingham,http://data.semanticweb.org/person/bhavani-thuraisingham,,0,,,,,0,NSF,1
http://data.semanticweb.org/ns/swc/ontology#ProgrammeCommitteeMember,PC Member,http://data.semanticweb.org/conference/iswc/2002,The First International Semantic Web Conference,http://data.semanticweb.org/ns/swc/ontology#ConferenceEvent,Brian McBride,http://data.semanticweb.org/person/brian-mcbride,,0,,,,,0,Hewlett-Packard,1
http://data.semanticweb.org/ns/swc/ontology#ProgrammeCommitteeMember,PC Member,http://data.semanticweb.org/conference/iswc/2002,The First International Semantic Web Conference,http://data.semanticweb.org/ns/swc/ontology#ConferenceEvent,David Pearce,http://data.semanticweb.org/person/david-pearce,,0,,,,,0,European Commission,1
http://data.semanticweb.org/ns/swc/ontology#ProgrammeCommitteeMember,PC Member,http://data.semanticweb.org/conference/iswc/2002,The First International Semantic Web Conference,http://data.semanticweb.org/ns/swc/ontology#ConferenceEvent,Dieter Fensel,http://data.semanticweb.org/person/dieter-fensel,,0,,,,,0,VU University Amsterdam,1
http://data.semanticweb.org/ns/swc/ontology#ProgrammeCommitteeMember,PC Member,http://data.semanticweb.org/conference/iswc/2002,The First International Semantic Web Conference,http://data.semanticweb.org/ns/swc/ontology#ConferenceEvent,Dimitris Plexousakis,http://data.semanticweb.org/person/dimitris-plexousakis,,0,,,,,0,FORTH-ICS,1
http://data.semanticweb.org/ns/swc/ontology#ProgrammeCommitteeMember,PC Member,http://data.semanticweb.org/conference/iswc/2002,The First International Semantic Web Conference,http://data.semanticweb.org/ns/swc/ontology#ConferenceEvent,Enrico Motta,http://data.semanticweb.org/person/enrico-motta,,0,,,,,0,The Open University,1
http://data.semanticweb.org/ns/swc/ontology#ProgrammeCommitteeMember,PC Member,http://data.semanticweb.org/conference/iswc/2002,The First International Semantic Web Conference,http://data.semanticweb.org/ns/swc/ontology#ConferenceEvent,Frank van Harmelen,http://data.semanticweb.org/person/frank-van-harmelen,,0,,,,,0,VU University Amsterdam,1
http://data.semanticweb.org/ns/swc/ontology#ProgrammeCommitteeMember,PC Member,http://data.semanticweb.org/conference/iswc/2002,The First International Semantic Web Conference,http://data.semanticweb.org/ns/swc/ontology#ConferenceEvent,Guus Schreiber,http://data.semanticweb.org/person/guus-schreiber,,0,,,,,0,University of Amsterdam,1
http://data.semanticweb.org/ns/swc/ontology#ProgrammeCommitteeMember,PC Member,http://data.semanticweb.org/conference/iswc/2002,The First International Semantic Web Conference,http://data.semanticweb.org/ns/swc/ontology#ConferenceEvent,Harold Boley,http://data.semanticweb.org/person/harold-boley,,0,,,,,0,Deutsches Forschungszentrum für Künstliche Intelligenz (DFKI),1
http://data.semanticweb.org/ns/swc/ontology#ProgrammeCommitteeMember,PC Member,http://data.semanticweb.org/conference/iswc/2002,The First International Semantic Web Conference,http://data.semanticweb.org/ns/swc/ontology#ConferenceEvent,Heiner Stuckenschmidt,http://data.semanticweb.org/person/heiner-stuckenschmidt,,0,,,,,0,VU University Amsterdam,1
http://data.semanticweb.org/ns/swc/ontology#ProgrammeCommitteeMember,PC Member,http://data.semanticweb.org/conference/iswc/2002,The First International Semantic Web Conference,http://data.semanticweb.org/ns/swc/ontology#ConferenceEvent,Isabel F. Cruz,http://data.semanticweb.org/person/isabel-f-cruz,,0,,,,,0,University of Illinois at Chicago,1
http://data.semanticweb.org/ns/swc/ontology#ProgrammeCommitteeMember,PC Member,http://data.semanticweb.org/conference/iswc/2002,The First International Semantic Web Conference,http://data.semanticweb.org/ns/swc/ontology#ConferenceEvent,Jana Koehler,http://data.semanticweb.org/person/jana-koehler,,0,,,,,0,IBM Zurich Research Laboratory,1
http://data.semanticweb.org/ns/swc/ontology#ProgrammeCommitteeMember,PC Member,http://data.semanticweb.org/conference/iswc/2002,The First International Semantic Web Conference,http://data.semanticweb.org/ns/swc/ontology#ConferenceEvent,Jeff Heflin,http://data.semanticweb.org/person/jeff-heflin,,0,,,,,0,Lehigh University,1
http://data.semanticweb.org/ns/swc/ontology#ProgrammeCommitteeMember,PC Member,http://data.semanticweb.org/conference/iswc/2002,The First International Semantic Web Conference,http://data.semanticweb.org/ns/swc/ontology#ConferenceEvent,Jeremy Frumkin,http://data.semanticweb.org/person/jeremy-frumkin,,0,,,,,0,University of Arizona,1
http://data.semanticweb.org/ns/swc/ontology#ProgrammeCommitteeMember,PC Member,http://data.semanticweb.org/conference/iswc/2002,The First International Semantic Web Conference,http://data.semanticweb.org/ns/swc/ontology#ConferenceEvent,Jérôme Euzenat,http://data.semanticweb.org/person/jerome-euzenat,,0,,,,9a5ee047a26b4e42a17b2f544444c0c0acea69fa,1,INRIA Rhône-Alpes,1
http://data.semanticweb.org/ns/swc/ontology#ProgrammeCommitteeMember,PC Member,http://data.semanticweb.org/conference/iswc/2002,The First International Semantic Web Conference,http://data.semanticweb.org/ns/swc/ontology#ConferenceEvent,Lynda Hardman,http://data.semanticweb.org/person/lynda-hardman,,0,,,,,0,CWI Amsterdam,1
http://data.semanticweb.org/ns/swc/ontology#ProgrammeCommitteeMember,PC Member,http://data.semanticweb.org/conference/iswc/2002,The First International Semantic Web Conference,http://data.semanticweb.org/ns/swc/ontology#ConferenceEvent,Lynn Andrea Stein,http://data.semanticweb.org/person/lynn-andrea-stein,,0,,,,,0,Franklin W. Olin College of Engineering,1
http://data.semanticweb.org/ns/swc/ontology#ProgrammeCommitteeMember,PC Member,http://data.semanticweb.org/conference/iswc/2002,The First International Semantic Web Conference,http://data.semanticweb.org/ns/swc/ontology#ConferenceEvent,Maarten de Rijke,http://data.semanticweb.org/person/maarten-de-rijke,,0,,,,,0,University of Amsterdam,1
http://data.semanticweb.org/ns/swc/ontology#ProgrammeCommitteeMember,PC Member,http://data.semanticweb.org/conference/iswc/2002,The First International Semantic Web Conference,http://data.semanticweb.org/ns/swc/ontology#ConferenceEvent,Masahiro Hori,http://data.semanticweb.org/person/masahiro-hori,,0,,,,,0,IBM Tokyo Research Laboratory,1
http://data.semanticweb.org/ns/swc/ontology#ProgrammeCommitteeMember,PC Member,http://data.semanticweb.org/conference/iswc/2002,The First International Semantic Web Conference,http://data.semanticweb.org/ns/swc/ontology#ConferenceEvent,Massimo Marchiori,http://data.semanticweb.org/person/massimo-marchiori,,0,,,,,0,W3C;Ca' Foscari University of Venice,2
http://data.semanticweb.org/ns/swc/ontology#ProgrammeCommitteeMember,PC Member,http://data.semanticweb.org/conference/iswc/2002,The First International Semantic Web Conference,http://data.semanticweb.org/ns/swc/ontology#ConferenceEvent,Max J. Egenhofer,http://data.semanticweb.org/person/max-j-egenhofer,,0,,,,,0,University of Maine,1
http://data.semanticweb.org/ns/swc/ontology#ProgrammeCommitteeMember,PC Member,http://data.semanticweb.org/conference/iswc/2002,The First International Semantic Web Conference,http://data.semanticweb.org/ns/swc/ontology#ConferenceEvent,Michel Biezunski,http://data.semanticweb.org/person/michel-biezunski,,0,,,,,0,Coolheads Consulting,1
http://data.semanticweb.org/ns/swc/ontology#ProgrammeCommitteeMember,PC Member,http://data.semanticweb.org/conference/iswc/2002,The First International Semantic Web Conference,http://data.semanticweb.org/ns/swc/ontology#ConferenceEvent,Mike Uschold,http://data.semanticweb.org/person/mike-uschold,,0,,,,,0,Boeing,1
http://data.semanticweb.org/ns/swc/ontology#ProgrammeCommitteeMember,PC Member,http://data.semanticweb.org/conference/iswc/2002,The First International Semantic Web Conference,http://data.semanticweb.org/ns/swc/ontology#ConferenceEvent,Natalya Noy,http://data.semanticweb.org/person/natalya-noy,,0,,,,,0,Stanford University,1
http://data.semanticweb.org/ns/swc/ontology#ProgrammeCommitteeMember,PC Member,http://data.semanticweb.org/conference/iswc/2002,The First International Semantic Web Conference,http://data.semanticweb.org/ns/swc/ontology#ConferenceEvent,Nicholas R. Jennings,http://data.semanticweb.org/person/nicholas-r-jennings,,0,,,,,0,University of Southampton,1
http://data.semanticweb.org/ns/swc/ontology#ProgrammeCommitteeMember,PC Member,http://data.semanticweb.org/conference/iswc/2002,The First International Semantic Web Conference,http://data.semanticweb.org/ns/swc/ontology#ConferenceEvent,Nicola Guarino,http://data.semanticweb.org/person/nicola-guarino,,0,,,,,0,LABSEB-CNR,1
http://data.semanticweb.org/ns/swc/ontology#ProgrammeCommitteeMember,PC Member,http://data.semanticweb.org/conference/iswc/2002,The First International Semantic Web Conference,http://data.semanticweb.org/ns/swc/ontology#ConferenceEvent,Ora Lassila,http://data.semanticweb.org/person/ora-lassila,,0,,,,,0,Nokia Research,1
http://data.semanticweb.org/ns/swc/ontology#ProgrammeCommitteeMember,PC Member,http://data.semanticweb.org/conference/iswc/2002,The First International Semantic Web Conference,http://data.semanticweb.org/ns/swc/ontology#ConferenceEvent,Pat Hayes,http://data.semanticweb.org/person/pat-hayes,,0,,,,,0,University of West Florida,1
http://data.semanticweb.org/ns/swc/ontology#ProgrammeCommitteeMember,PC Member,http://data.semanticweb.org/conference/iswc/2002,The First International Semantic Web Conference,http://data.semanticweb.org/ns/swc/ontology#ConferenceEvent,Peter Crowther,http://data.semanticweb.org/person/peter-crowther,,0,,,,,0,Network Inference,1
http://data.semanticweb.org/ns/swc/ontology#ProgrammeCommitteeMember,PC Member,http://data.semanticweb.org/conference/iswc/2002,The First International Semantic Web Conference,http://data.semanticweb.org/ns/swc/ontology#ConferenceEvent,Peter Eklund,http://data.semanticweb.org/person/peter-eklund,,0,,,,,0,University of Queensland,1
http://data.semanticweb.org/ns/swc/ontology#ProgrammeCommitteeMember,PC Member,http://data.semanticweb.org/conference/iswc/2002,The First International Semantic Web Conference,http://data.semanticweb.org/ns/swc/ontology#ConferenceEvent,Peter F. Patel-Schneider,http://data.semanticweb.org/person/peter-f-patel-schneider,,0,,,,,0,Lucent,1
http://data.semanticweb.org/ns/swc/ontology#ProgrammeCommitteeMember,PC Member,http://data.semanticweb.org/conference/iswc/2002,The First International Semantic Web Conference,http://data.semanticweb.org/ns/swc/ontology#ConferenceEvent,Raphael M Malyankar,http://data.semanticweb.org/person/raphael-m-malyankar,,0,,,,4a119a6bf358f6a395f4e92cdcb781ef60226d86,1,Arizona State University,1
http://data.semanticweb.org/ns/swc/ontology#ProgrammeCommitteeMember,PC Member,http://data.semanticweb.org/conference/iswc/2002,The First International Semantic Web Conference,http://data.semanticweb.org/ns/swc/ontology#ConferenceEvent,Richard Fikes,http://data.semanticweb.org/person/richard-fikes,,0,,,,,0,Stanford University,1
http://data.semanticweb.org/ns/swc/ontology#ProgrammeCommitteeMember,PC Member,http://data.semanticweb.org/conference/iswc/2002,The First International Semantic Web Conference,http://data.semanticweb.org/ns/swc/ontology#ConferenceEvent,Riichiro Mizoguchi,http://data.semanticweb.org/person/riichiro-mizoguchi,,0,,,,,0,"Mizogushi Lab, Osaka",1
http://data.semanticweb.org/ns/swc/ontology#ProgrammeCommitteeMember,PC Member,http://data.semanticweb.org/conference/iswc/2002,The First International Semantic Web Conference,http://data.semanticweb.org/ns/swc/ontology#ConferenceEvent,Rudi Studer,http://data.semanticweb.org/person/rudi-studer,,0,,,,,0,Karlsruhe Institute of Technology,1
http://data.semanticweb.org/ns/swc/ontology#ProgrammeCommitteeMember,PC Member,http://data.semanticweb.org/conference/iswc/2002,The First International Semantic Web Conference,http://data.semanticweb.org/ns/swc/ontology#ConferenceEvent,Sheila McIlraith,http://data.semanticweb.org/person/sheila-mcilraith,,0,,,,,0,Stanford University,1
http://data.semanticweb.org/ns/swc/ontology#ProgrammeCommitteeMember,PC Member,http://data.semanticweb.org/conference/iswc/2002,The First International Semantic Web Conference,http://data.semanticweb.org/ns/swc/ontology#ConferenceEvent,Stefan Decker,http://data.semanticweb.org/person/stefan-decker,,0,,,,,0,Stanford University,1
http://data.semanticweb.org/ns/swc/ontology#ProgrammeCommitteeMember,PC Member,http://data.semanticweb.org/conference/iswc/2002,The First International Semantic Web Conference,http://data.semanticweb.org/ns/swc/ontology#ConferenceEvent,Steffen Staab,http://data.semanticweb.org/person/steffen-staab,,0,,,,e0c42fda1010609b9ccab83669f8631ba07648de,1,Karlsruhe Institute of Technology,1
http://data.semanticweb.org/ns/swc/ontology#ProgrammeCommitteeMember,PC Member,http://data.semanticweb.org/conference/iswc/2002,The First International Semantic Web Conference,http://data.semanticweb.org/ns/swc/ontology#ConferenceEvent,Steve Newcomb,http://data.semanticweb.org/person/steve-newcomb,,0,,,,,0,Coolheads Consulting,1
http://data.semanticweb.org/ns/swc/ontology#ProgrammeCommitteeMember,PC Member,http://data.semanticweb.org/conference/iswc/2002,The First International Semantic Web Conference,http://data.semanticweb.org/ns/swc/ontology#ConferenceEvent,Steven A. Demurjian,http://data.semanticweb.org/person/steven-a-demurjian,,0,,,,,0,University of Connecticut,1
http://data.semanticweb.org/ns/swc/ontology#ProgrammeCommitteeMember,PC Member,http://data.semanticweb.org/conference/iswc/2002,The First International Semantic Web Conference,http://data.semanticweb.org/ns/swc/ontology#ConferenceEvent,Tim Finin,http://data.semanticweb.org/person/tim-finin,,0,,,,,0,"University of Maryland, Baltimore County",1
http://data.semanticweb.org/ns/swc/ontology#ProgrammeCommitteeMember,PC Member,http://data.semanticweb.org/conference/iswc/2002,The First International Semantic Web Conference,http://data.semanticweb.org/ns/swc/ontology#ConferenceEvent,Tiziana Catarci,http://data.semanticweb.org/person/tiziana-catarci,,0,,,,,0,Sapienza University of Rome,1
http://data.semanticweb.org/ns/swc/ontology#ProgrammeCommitteeMember,PC Member,http://data.semanticweb.org/conference/iswc/2002,The First International Semantic Web Conference,http://data.semanticweb.org/ns/swc/ontology#ConferenceEvent,Uli Sattler,http://data.semanticweb.org/person/uli-sattler,,0,,,,,0,RWTH Aachen University,1
http://data.semanticweb.org/ns/swc/ontology#ProgrammeCommitteeMember,PC Member,http://data.semanticweb.org/conference/iswc/2002,The First International Semantic Web Conference,http://data.semanticweb.org/ns/swc/ontology#ConferenceEvent,Vassilis Christophides,http://data.semanticweb.org/person/vassilis-christophides,,0,,,,,0,FORTH-ICS,1
http://data.semanticweb.org/ns/swc/ontology#ProgrammeCommitteeMember,PC Member,http://data.semanticweb.org/conference/iswc/2002,The First International Semantic Web Conference,http://data.semanticweb.org/ns/swc/ontology#ConferenceEvent,Ying Ding,http://data.semanticweb.org/person/ying-ding,,0,,,,abb5a7cf356acfe7d09591da1e7bcbbe340a627a,1,VU University Amsterdam,1
http://data.semanticweb.org/ns/swc/ontology#Reviewer,Reviewer,http://data.semanticweb.org/conference/iswc/2002,The First International Semantic Web Conference,http://data.semanticweb.org/ns/swc/ontology#ConferenceEvent,Alan Rector,http://data.semanticweb.org/person/alan-rector,,0,,,,,0,,0
http://data.semanticweb.org/ns/swc/ontology#Reviewer,Reviewer,http://data.semanticweb.org/conference/iswc/2002,The First International Semantic Web Conference,http://data.semanticweb.org/ns/swc/ontology#ConferenceEvent,Andrea Calì,http://data.semanticweb.org/person/andrea-cali,,0,,,,,0,,0
http://data.semanticweb.org/ns/swc/ontology#Reviewer,Reviewer,http://data.semanticweb.org/conference/iswc/2002,The First International Semantic Web Conference,http://data.semanticweb.org/ns/swc/ontology#ConferenceEvent,Andreas Hotho,http://data.semanticweb.org/person/andreas-hotho,,0,,,,,0,,0
http://data.semanticweb.org/ns/swc/ontology#Reviewer,Reviewer,http://data.semanticweb.org/conference/iswc/2002,The First International Semantic Web Conference,http://data.semanticweb.org/ns/swc/ontology#ConferenceEvent,Arnaud Sahuguet,http://data.semanticweb.org/person/arnaud-sahuguet,,0,,,,,0,,0
http://data.semanticweb.org/ns/swc/ontology#Reviewer,Reviewer,http://data.semanticweb.org/conference/iswc/2002,The First International Semantic Web Conference,http://data.semanticweb.org/ns/swc/ontology#ConferenceEvent,Borys Omelayenko,http://data.semanticweb.org/person/borys-omelayenko,,0,,,,,0,,0
http://data.semanticweb.org/ns/swc/ontology#Reviewer,Reviewer,http://data.semanticweb.org/conference/iswc/2002,The First International Semantic Web Conference,http://data.semanticweb.org/ns/swc/ontology#ConferenceEvent,Carole A. Goble,http://data.semanticweb.org/person/carole-a-goble,,0,,,,,0,,0
http://data.semanticweb.org/ns/swc/ontology#Reviewer,Reviewer,http://data.semanticweb.org/conference/iswc/2002,The First International Semantic Web Conference,http://data.semanticweb.org/ns/swc/ontology#ConferenceEvent,Carsten Lutz,http://data.semanticweb.org/person/carsten-lutz,,0,,,,,0,,0
http://data.semanticweb.org/ns/swc/ontology#Reviewer,Reviewer,http://data.semanticweb.org/conference/iswc/2002,The First International Semantic Web Conference,http://data.semanticweb.org/ns/swc/ontology#ConferenceEvent,Christiaan Fluit,http://data.semanticweb.org/person/christiaan-fluit,,0,,,,,0,,0
http://data.semanticweb.org/ns/swc/ontology#Reviewer,Reviewer,http://data.semanticweb.org/conference/iswc/2002,The First International Semantic Web Conference,http://data.semanticweb.org/ns/swc/ontology#ConferenceEvent,David Avant,http://data.semanticweb.org/person/david-avant,,0,,,,,0,,0
http://data.semanticweb.org/ns/swc/ontology#Reviewer,Reviewer,http://data.semanticweb.org/conference/iswc/2002,The First International Semantic Web Conference,http://data.semanticweb.org/ns/swc/ontology#ConferenceEvent,Feng Zhang,http://data.semanticweb.org/person/feng-zhang,,0,,,,,0,,0
http://data.semanticweb.org/ns/swc/ontology#Reviewer,Reviewer,http://data.semanticweb.org/conference/iswc/2002,The First International Semantic Web Conference,http://data.semanticweb.org/ns/swc/ontology#ConferenceEvent,Frank Nack,http://data.semanticweb.org/person/frank-nack,,0,,,,,0,,0
http://data.semanticweb.org/ns/swc/ontology#Reviewer,Reviewer,http://data.semanticweb.org/conference/iswc/2002,The First International Semantic Web Conference,http://data.semanticweb.org/ns/swc/ontology#ConferenceEvent,Gerd Stumme,http://data.semanticweb.org/person/gerd-stumme,,0,,,,,0,,0
http://data.semanticweb.org/ns/swc/ontology#Reviewer,Reviewer,http://data.semanticweb.org/conference/iswc/2002,The First International Semantic Web Conference,http://data.semanticweb.org/ns/swc/ontology#ConferenceEvent,Henry Chinaski,http://data.semanticweb.org/person/henry-chinaski,,0,,,,,0,,0
http://data.semanticweb.org/ns/swc/ontology#Reviewer,Reviewer,http://data.semanticweb.org/conference/iswc/2002,The First International Semantic Web Conference,http://data.semanticweb.org/ns/swc/ontology#ConferenceEvent,Hideaki Kanai,http://data.semanticweb.org/person/hideaki-kanai,,0,,,,,0,,0
http://data.semanticweb.org/ns/swc/ontology#Reviewer,Reviewer,http://data.semanticweb.org/conference/iswc/2002,The First International Semantic Web Conference,http://data.semanticweb.org/ns/swc/ontology#ConferenceEvent,Holger Wache,http://data.semanticweb.org/person/holger-wache,,0,,,,,0,,0
http://data.semanticweb.org/ns/swc/ontology#Reviewer,Reviewer,http://data.semanticweb.org/conference/iswc/2002,The First International Semantic Web Conference,http://data.semanticweb.org/ns/swc/ontology#ConferenceEvent,Ingo Timm,http://data.semanticweb.org/person/ingo-timm,,0,,,,,0,,0
http://data.semanticweb.org/ns/swc/ontology#Reviewer,Reviewer,http://data.semanticweb.org/conference/iswc/2002,The First International Semantic Web Conference,http://data.semanticweb.org/ns/swc/ontology#ConferenceEvent,Jacco van Ossenbruggen,http://data.semanticweb.org/person/jacco-van-ossenbruggen,,0,,,,,0,,0
http://data.semanticweb.org/ns/swc/ontology#Reviewer,Reviewer,http://data.semanticweb.org/conference/iswc/2002,The First International Semantic Web Conference,http://data.semanticweb.org/ns/swc/ontology#ConferenceEvent,Jeen Broekstra,http://data.semanticweb.org/person/jeen-broekstra,,0,,,,,0,,0
http://data.semanticweb.org/ns/swc/ontology#Reviewer,Reviewer,http://data.semanticweb.org/conference/iswc/2002,The First International Semantic Web Conference,http://data.semanticweb.org/ns/swc/ontology#ConferenceEvent,Jeffrey Ellis,http://data.semanticweb.org/person/jeffrey-ellis,,0,,,,,0,,0
http://data.semanticweb.org/ns/swc/ontology#Reviewer,Reviewer,http://data.semanticweb.org/conference/iswc/2002,The First International Semantic Web Conference,http://data.semanticweb.org/ns/swc/ontology#ConferenceEvent,Kemafor Anyanwu,http://data.semanticweb.org/person/kemafor-anyanwu,,0,,,,,0,,0
http://data.semanticweb.org/ns/swc/ontology#Reviewer,Reviewer,http://data.semanticweb.org/conference/iswc/2002,The First International Semantic Web Conference,http://data.semanticweb.org/ns/swc/ontology#ConferenceEvent,Ljiljana Stojanovic,http://data.semanticweb.org/person/ljiljana-stojanovic,,0,,,,,0,,0
http://data.semanticweb.org/ns/swc/ontology#Reviewer,Reviewer,http://data.semanticweb.org/conference/iswc/2002,The First International Semantic Web Conference,http://data.semanticweb.org/ns/swc/ontology#ConferenceEvent,Maarten Marx,http://data.semanticweb.org/person/maarten-marx,,0,,,,,0,,0
http://data.semanticweb.org/ns/swc/ontology#Reviewer,Reviewer,http://data.semanticweb.org/conference/iswc/2002,The First International Semantic Web Conference,http://data.semanticweb.org/ns/swc/ontology#ConferenceEvent,Margie Price,http://data.semanticweb.org/person/margie-price,,0,,,,,0,,0
http://data.semanticweb.org/ns/swc/ontology#Reviewer,Reviewer,http://data.semanticweb.org/conference/iswc/2002,The First International Semantic Web Conference,http://data.semanticweb.org/ns/swc/ontology#ConferenceEvent,Maria Vargas-Vera,http://data.semanticweb.org/person/maria-vargas-vera,,0,,,,,0,,0
http://data.semanticweb.org/ns/swc/ontology#Reviewer,Reviewer,http://data.semanticweb.org/conference/iswc/2002,The First International Semantic Web Conference,http://data.semanticweb.org/ns/swc/ontology#ConferenceEvent,Mario Schlosser,http://data.semanticweb.org/person/mario-schlosser,,0,,,,,0,,0
http://data.semanticweb.org/ns/swc/ontology#Reviewer,Reviewer,http://data.semanticweb.org/conference/iswc/2002,The First International Semantic Web Conference,http://data.semanticweb.org/ns/swc/ontology#ConferenceEvent,Michael Sintek,http://data.semanticweb.org/person/michael-sintek,,0,,,,,0,,0
http://data.semanticweb.org/ns/swc/ontology#Reviewer,Reviewer,http://data.semanticweb.org/conference/iswc/2002,The First International Semantic Web Conference,http://data.semanticweb.org/ns/swc/ontology#ConferenceEvent,Michel Klein,http://data.semanticweb.org/person/michel-klein,,0,,,,,0,,0
http://data.semanticweb.org/ns/swc/ontology#Reviewer,Reviewer,http://data.semanticweb.org/conference/iswc/2002,The First International Semantic Web Conference,http://data.semanticweb.org/ns/swc/ontology#ConferenceEvent,Monica Scannapieco,http://data.semanticweb.org/person/monica-scannapieco,,0,,,,,0,,0
http://data.semanticweb.org/ns/swc/ontology#Reviewer,Reviewer,http://data.semanticweb.org/conference/iswc/2002,The First International Semantic Web Conference,http://data.semanticweb.org/ns/swc/ontology#ConferenceEvent,Philippe Martin,http://data.semanticweb.org/person/philippe-martin,,0,,,,,0,,0
http://data.semanticweb.org/ns/swc/ontology#Reviewer,Reviewer,http://data.semanticweb.org/conference/iswc/2002,The First International Semantic Web Conference,http://data.semanticweb.org/ns/swc/ontology#ConferenceEvent,Robert Stevens,http://data.semanticweb.org/person/robert-stevens,,0,,,,,0,,0
http://data.semanticweb.org/ns/swc/ontology#Reviewer,Reviewer,http://data.semanticweb.org/conference/iswc/2002,The First International Semantic Web Conference,http://data.semanticweb.org/ns/swc/ontology#ConferenceEvent,Rodrigo Caballero,http://data.semanticweb.org/person/rodrigo-caballero,,0,,,,,0,,0
http://data.semanticweb.org/ns/swc/ontology#Reviewer,Reviewer,http://data.semanticweb.org/conference/iswc/2002,The First International Semantic Web Conference,http://data.semanticweb.org/ns/swc/ontology#ConferenceEvent,Ronny Siebes,http://data.semanticweb.org/person/ronny-siebes,,0,,,,,0,,0
http://data.semanticweb.org/ns/swc/ontology#Reviewer,Reviewer,http://data.semanticweb.org/conference/iswc/2002,The First International Semantic Web Conference,http://data.semanticweb.org/ns/swc/ontology#ConferenceEvent,Sean Bechhofer,http://data.semanticweb.org/person/sean-bechhofer,,0,,,,,0,,0
http://data.semanticweb.org/ns/swc/ontology#Reviewer,Reviewer,http://data.semanticweb.org/conference/iswc/2002,The First International Semantic Web Conference,http://data.semanticweb.org/ns/swc/ontology#ConferenceEvent,Sebastian Brandt,http://data.semanticweb.org/person/sebastian-brandt,,0,,,,,0,,0
http://data.semanticweb.org/ns/swc/ontology#Reviewer,Reviewer,http://data.semanticweb.org/conference/iswc/2002,The First International Semantic Web Conference,http://data.semanticweb.org/ns/swc/ontology#ConferenceEvent,Siegfried Handschuh,http://data.semanticweb.org/person/siegfried-handschuh,,0,,,,,0,,0
http://data.semanticweb.org/ns/swc/ontology#Chair,Chair,http://data.semanticweb.org/conference/iswc/2002/panel-research-challenge-semantic-web,Research Challenges for the Semantic Web (panel),http://data.semanticweb.org/ns/swc/ontology#PanelEvent,Ian Horrocks,http://data.semanticweb.org/person/ian-horrocks,,0,,,,0dfde0275a9cae0de57c25d97ee14fbca31359dd,1,University of Manchester,1
http://data.semanticweb.org/ns/swc/ontology#Presenter,Panellist,http://data.semanticweb.org/conference/iswc/2002/panel-research-challenge-semantic-web,Research Challenges for the Semantic Web (panel),http://data.semanticweb.org/ns/swc/ontology#PanelEvent,Bhavani Thuraisingham,http://data.semanticweb.org/person/bhavani-thuraisingham,,0,,,,,0,NSF,1
http://data.semanticweb.org/ns/swc/ontology#Presenter,Panellist,http://data.semanticweb.org/conference/iswc/2002/panel-research-challenge-semantic-web,Research Challenges for the Semantic Web (panel),http://data.semanticweb.org/ns/swc/ontology#PanelEvent,Hans-Georg Stork,http://data.semanticweb.org/person/hans-georg-stork,,0,,,,,0,EU/IST,1
http://data.semanticweb.org/ns/swc/ontology#Presenter,Panellist,http://data.semanticweb.org/conference/iswc/2002/panel-research-challenge-semantic-web,Research Challenges for the Semantic Web (panel),http://data.semanticweb.org/ns/swc/ontology#PanelEvent,Murray Burke,http://data.semanticweb.org/person/murray-burke,,0,,,,,0,DARPA/IXO,1
http://data.semanticweb.org/ns/swc/ontology#Presenter,Panellist,http://data.semanticweb.org/conference/iswc/2002/panel-research-challenge-semantic-web,Research Challenges for the Semantic Web (panel),http://data.semanticweb.org/ns/swc/ontology#PanelEvent,Noboru Shimizu,http://data.semanticweb.org/person/noboru-shimizu,,0,,,,,0,NEC;INTAP,2
http://data.semanticweb.org/ns/swc/ontology#Chair,Session Chair,http://data.semanticweb.org/conference/iswc/2002/session-01,Infrastructure I,http://data.semanticweb.org/ns/swc/ontology#SessionEvent,Peter F. Patel-Schneider,http://data.semanticweb.org/person/peter-f-patel-schneider,,0,,,,,0,Lucent,1
http://data.semanticweb.org/ns/swc/ontology#Chair,Session Chair,http://data.semanticweb.org/conference/iswc/2002/session-02,Services I,http://data.semanticweb.org/ns/swc/ontology#SessionEvent,Rudi Studer,http://data.semanticweb.org/person/rudi-studer,,0,,,,,0,Karlsruhe Institute of Technology,1
http://data.semanticweb.org/ns/swc/ontology#Chair,Session Chair,http://data.semanticweb.org/conference/iswc/2002/session-03,Languages I,http://data.semanticweb.org/ns/swc/ontology#SessionEvent,Massimo Marchiori,http://data.semanticweb.org/person/massimo-marchiori,,0,,,,,0,W3C;Ca' Foscari University of Venice,2
http://data.semanticweb.org/ns/swc/ontology#Chair,Session Chair,http://data.semanticweb.org/conference/iswc/2002/session-04,Tools and applications,http://data.semanticweb.org/ns/swc/ontology#SessionEvent,Heiner Stuckenschmidt,http://data.semanticweb.org/person/heiner-stuckenschmidt,,0,,,,,0,VU University Amsterdam,1
http://data.semanticweb.org/ns/swc/ontology#Chair,Session Chair,http://data.semanticweb.org/conference/iswc/2002/session-06,Infrastructure II,http://data.semanticweb.org/ns/swc/ontology#SessionEvent,Steffen Staab,http://data.semanticweb.org/person/steffen-staab,,0,,,,e0c42fda1010609b9ccab83669f8631ba07648de,1,Karlsruhe Institute of Technology,1
http://data.semanticweb.org/ns/swc/ontology#Chair,Session Chair,http://data.semanticweb.org/conference/iswc/2002/session-07,Services II,http://data.semanticweb.org/ns/swc/ontology#SessionEvent,Yun Peng,http://data.semanticweb.org/person/yun-peng,,0,,,,,0,,0
http://data.semanticweb.org/ns/swc/ontology#Chair,Session Chair,http://data.semanticweb.org/conference/iswc/2002/session-08,Languages II,http://data.semanticweb.org/ns/swc/ontology#SessionEvent,Jérôme Euzenat,http://data.semanticweb.org/person/jerome-euzenat,,0,,,,9a5ee047a26b4e42a17b2f544444c0c0acea69fa,1,INRIA Rhône-Alpes,1
http://data.semanticweb.org/ns/swc/ontology#Chair,Session Chair,http://data.semanticweb.org/conference/iswc/2002/session-09,Infrastructure III,http://data.semanticweb.org/ns/swc/ontology#SessionEvent,Brian McBride,http://data.semanticweb.org/person/brian-mcbride,,0,,,,,0,Hewlett-Packard,1
http://data.semanticweb.org/ns/swc/ontology#Chair,Session Chair,http://data.semanticweb.org/conference/iswc/2002/talk/invited-1,"The Grid, Grid Services and the Semantic Web: Technologies and Opportunities",http://data.semanticweb.org/ns/swc/ontology#InvitedTalkEvent,Carole A. Goble,http://data.semanticweb.org/person/carole-a-goble,,0,,,,,0,,0
http://data.semanticweb.org/ns/swc/ontology#Presenter,Speaker,http://data.semanticweb.org/conference/iswc/2002/talk/invited-1,"The Grid, Grid Services and the Semantic Web: Technologies and Opportunities",http://data.semanticweb.org/ns/swc/ontology#InvitedTalkEvent,Carl Kesselman,http://data.semanticweb.org/person/carl-kesselman,,0,,,,,0,,0
http://data.semanticweb.org/ns/swc/ontology#Chair,Session Chair,http://data.semanticweb.org/conference/iswc/2002/talk/invited-2,Semantic Web Enabled Web Services,http://data.semanticweb.org/ns/swc/ontology#InvitedTalkEvent,James Hendler,http://data.semanticweb.org/person/james-hendler,,0,,,,be972c7a602683f7cf3c7a1fd0949c565debe4d3,1,"University of Maryland, College Park",1
http://data.semanticweb.org/ns/swc/ontology#Presenter,Speaker,http://data.semanticweb.org/conference/iswc/2002/talk/invited-2,Semantic Web Enabled Web Services,http://data.semanticweb.org/ns/swc/ontology#InvitedTalkEvent,Dieter Fensel,http://data.semanticweb.org/person/dieter-fensel,,0,,,,,0,VU University Amsterdam,1
http://data.semanticweb.org/ns/swc/ontology#Presenter,Tutorial Organizer,http://data.semanticweb.org/conference/iswc/2002/tutorial-1,"Ontologies: Representation, Engineering, Learning and Applications",http://data.semanticweb.org/ns/swc/ontology#TutorialEvent,Alexander Maedche,http://data.semanticweb.org/person/alexander-maedche,,0,,,,,0,,0
http://data.semanticweb.org/ns/swc/ontology#Presenter,Tutorial Organizer,http://data.semanticweb.org/conference/iswc/2002/tutorial-1,"Ontologies: Representation, Engineering, Learning and Applications",http://data.semanticweb.org/ns/swc/ontology#TutorialEvent,Steffen Staab,http://data.semanticweb.org/person/steffen-staab,,0,,,,e0c42fda1010609b9ccab83669f8631ba07648de,1,Karlsruhe Institute of Technology,1
http://data.semanticweb.org/ns/swc/ontology#Presenter,Tutorial Organizer,http://data.semanticweb.org/conference/iswc/2002/tutorial-2,"Description Logics for Conceptual Design, Information Access, and Ontology Integration: Research Trends",http://data.semanticweb.org/ns/swc/ontology#TutorialEvent,Enrico Franconi,http://data.semanticweb.org/person/enrico-franconi,,0,,,,,0,,0
http://data.semanticweb.org/ns/swc/ontology#Presenter,Tutorial Organizer,http://data.semanticweb.org/conference/iswc/2002/tutorial-3,Semantic web services,http://data.semanticweb.org/ns/swc/ontology#TutorialEvent,Christoph Bussler,http://data.semanticweb.org/person/christoph-bussler,,0,,,,,0,,0
http://data.semanticweb.org/ns/swc/ontology#Presenter,Tutorial Organizer,http://data.semanticweb.org/conference/iswc/2002/tutorial-3,Semantic web services,http://data.semanticweb.org/ns/swc/ontology#TutorialEvent,Dieter Fensel,http://data.semanticweb.org/person/dieter-fensel,,0,,,,,0,VU University Amsterdam,1
http://data.semanticweb.org/ns/swc/ontology#Presenter,Tutorial Organizer,http://data.semanticweb.org/conference/iswc/2002/tutorial-3,Semantic web services,http://data.semanticweb.org/ns/swc/ontology#TutorialEvent,Katia Sycara,http://data.semanticweb.org/person/katia-sycara,,0,,,,,0,,0
http://data.semanticweb.org/ns/swc/ontology#Presenter,Tutorial Organizer,http://data.semanticweb.org/conference/iswc/2002/tutorial-3,Semantic web services,http://data.semanticweb.org/ns/swc/ontology#TutorialEvent,Terry Payne,http://data.semanticweb.org/person/terry-payne,,0,,,,,0,,0
http://data.semanticweb.org/ns/swc/ontology#Presenter,Tutorial Organizer,http://data.semanticweb.org/conference/iswc/2002/tutorial-4,Jena Tutorial,http://data.semanticweb.org/ns/swc/ontology#TutorialEvent,Andy Seaborne,http://data.semanticweb.org/person/andy-seaborne,,0,,,,,0,,0
http://data.semanticweb.org/ns/swc/ontology#Presenter,Tutorial Organizer,http://data.semanticweb.org/conference/iswc/2002/tutorial-4,Jena Tutorial,http://data.semanticweb.org/ns/swc/ontology#TutorialEvent,Brian McBride,http://data.semanticweb.org/person/brian-mcbride,,0,,,,,0,Hewlett-Packard,1
http://data.semanticweb.org/ns/swc/ontology#Presenter,Tutorial Organizer,http://data.semanticweb.org/conference/iswc/2002/tutorial-4,Jena Tutorial,http://data.semanticweb.org/ns/swc/ontology#TutorialEvent,Jeremy Carroll,http://data.semanticweb.org/person/jeremy-carroll,,0,,,,,0,,0
